Sample,1388,245,1954,186,106,544,2161,2049,1953,1318,1193,508,2045,1002,1644,128,866,553,1707,1887,1895,337,1054,1157,1722,602,1,1798,2021,1092,1073,606,1600,1979,841,1612,173,1352,181,1206,2229,1910,1065,1523,235,1923,2158,1705,0,565,2143,1931,741,950,152,818,1426,909,1885,822,1326,1830,1763,1661,543,2302,1294,379,254,1883,845,187,1737,2202,432,255,238,969,975,2116,335,250,649,1607,1195,107,1771,2198,2197,878,229,1109,850,436,718,2234,760,1433,752,1197
1,1.1831,1.6047,-1.0604,-3.4265,-2.6118,0.7802,-0.308,-4.6356,0.3829,1.5368,-2.9469,-1.8445,-2.0518,-3.2315,0.9098,-2.763,-1.1084,-1.8502,0.1357,-1.7232,-1.6281,-0.8219,-2.5295,-1.1593,-2.6693,-3.0139,-2.4384,-1.8971,0.1772,0.954,1.1002,-0.8744,0.0876,0.5547,1.5536,-1.4168,-3.327,-1.0797,-0.4262,-1.6296,-0.5723,-3.1725,1.1657,-0.3699,0.0012,-3.1396,-2.6882,-1.1819,0.7733,0.0346,-2.3497,-0.1429,0.7311,1.1957,-0.5899,-2.1087,-1.1249,-1.2773,-0.702,-1.576,0.9125,-0.3888,-1.4184,-1.2198,0.9376,-0.4636,-0.9063,-2.2321,-1.5146,-2.2182,-3.8032,-2.7349,-1.278,-2.3903,-2.6297,-1.1002,-0.0273,-1.8669,0.3246,0.5787,1.0834,-0.6816,0.0087,0.6386,-3.4173,-1.6565,0.5389,-1.4081,0.1827,-1.2296,-1.7928,-0.5882,-0.1328,-2.0402,-1.0812,0.2404,-0.2133,-0.6201,-1.4147,-2.6664
2,0.5451,0.7925,-1.1135,-2.3613,0.8555,1.0727,-0.0399,-1.3567,1.0916,0.6934,-1.5921,-1.6994,-3.0078,-2.2946,0.129,-2.2643,-1.8357,-1.598,-1.3475,-1.1667,-1.7649,-1.2758,-2.0948,-0.8512,-2.9838,-1.3638,-2.4158,-1.9791,0.8189,1.6754,0.8446,-0.0885,-0.7919,0.3279,1.7325,-0.1722,-2.8184,-0.9044,-0.8689,-0.7523,1.167,-2.87,0.2191,-0.4644,-2.7242,-2.1524,-1.6312,-1.1832,-0.0782,-1.241,-1.0636,0.2727,0.3808,0.3703,0.1203,-3.2728,0.2766,-0.2969,-0.4966,-0.4286,0.5938,1.7953,-1.6049,-0.8214,0.2367,0.0348,-0.8682,-0.6015,-1.701,-1.1286,-3.0835,-0.9093,-1.3911,-1.5664,-2.3623,-0.8875,-0.9608,-0.7238,-0.3431,0.4127,0.841,-0.7321,0.1008,0.5244,-2.4013,-2.3046,0.5092,-1.319,-1.597,-1.2726,-2.0495,-2.5345,0.2617,-1.3383,-0.8576,-1.3996,-0.2853,-1.3001,-1.1934,-1.4452
3,-0.7044,1.5527,-0.8948,-2.2595,-0.3792,1.3342,-1.0413,-2.9225,0.9684,1.3106,-2.7076,-1.4788,-2.972,-2.1542,0.7381,-2.0503,-1.772,-1.6896,-0.9486,-1.2694,-1.7176,-1.7796,-1.2056,-0.473,-2.1982,-0.9281,-1.6497,-2.0667,-0.0497,1.0914,0.8007,-0.5679,0.7541,0.526,1.4547,-1.1983,-3.0555,-1.4376,-0.8533,-1.199,0.658,-2.8824,0.4266,-0.4563,-2.0062,-1.2003,-2.0931,-1.5936,-0.0845,1.0147,-1.8905,-0.0176,-0.2871,1.1887,-0.5125,-2.7678,0.1036,-0.2886,-1.176,-0.6522,0.2606,1.5967,-0.4869,-1.485,-1.0427,-0.6787,-0.4529,-0.6037,-1.2563,-1.3001,-2.2857,-0.5768,-1.1227,-1.0032,-2.7272,0.1943,-1.115,-0.6603,0.0529,1.5079,0.5743,-1.3556,-0.3574,0.2364,-1.1686,-2.0542,-0.1394,-1.202,-1.0261,-1.1764,-0.2681,-2.4581,1.3273,-0.8297,-0.3002,-1.2157,-0.7428,-1.4238,-1.0211,-1.7898
4,0.8531,1.1358,-0.6309,-2.2711,-0.1529,0.9006,-0.391,-2.4259,1.0247,0.2858,-1.772,-1.198,-0.0396,-2.2192,1.008,-2.2595,-1.2954,-1.7048,0.0668,-0.3124,-1.7137,-0.772,-2.2692,-0.537,-1.9221,0.0761,-2.3805,-0.9832,0.9764,1.0698,0.294,0.1671,-0.3601,-0.3067,1.0372,-0.6718,-1.4486,-0.5413,-0.1414,-1.9345,-0.5541,-2.1507,1.0547,0.276,-0.1417,-1.9863,-1.6005,-1.2954,0.9656,0.0471,-0.8185,0.9331,-0.8278,0.5124,-0.5209,-0.9198,-0.3944,0.1212,0.1657,-0.4283,1.0208,0.0402,-2.2109,-0.6651,0.0701,0.1633,-0.3969,-1.1901,-1.6576,-1.5664,-1.0823,-0.5928,-0.4604,-1.1111,-2.6269,-0.9223,0.1117,-0.5809,0.3614,0.0554,0.7718,-1.2262,0.2202,0.7976,-2.3147,-0.7916,0.6662,-1.0208,-0.4977,-0.7331,-1.2899,-1.2581,-0.0413,-1.4041,0.4951,-0.3882,0.4322,-0.7356,-0.5496,-2.1379
5,1.399,1.2591,-0.8953,-2.0003,0.4368,1.1906,-1.4997,-2.8914,0.833,0.4091,-1.9929,-1.974,-2.1422,-1.5399,0.6137,-1.5906,-2.6927,-1.1874,-0.274,-1.232,-1.1987,-0.7752,-0.9902,-0.1748,-1.8695,-1.2198,-1.7288,-1.4342,-0.8699,1.2573,0.9985,0.4919,-1.8006,0.4714,0.7276,-0.9943,-2.2481,-1.2712,-0.0413,-1.051,0.8493,-1.8202,0.3784,0.339,0.3985,-1.9951,-1.1686,-1.2211,0.0757,-0.4496,-1.9555,1.0229,-0.1772,0.9865,-0.8124,-0.4663,-0.0769,-0.7436,0.2184,-1.4448,1.0007,-0.0815,-1.6005,-1.471,1.0775,0.3688,-0.0586,-0.1779,-2.2916,-1.3634,-1.5775,-0.3585,0.2582,-0.6396,-1.9618,-0.7164,0.3014,-0.5055,-0.061,1.0875,1.1649,0.0884,0.3241,0.5084,-1.5516,-1.9477,0.3234,-1.3049,-0.7367,-0.8005,-1.0079,-1.2083,-0.2828,-1.8426,0.8814,-1.0095,0.295,-0.6749,-1.2841,-1.1907
6,1.6513,1.8,-0.7809,-2.8771,1.6876,1.9094,-0.0351,-2.0651,1.5035,0.6738,-2.2721,-2.4384,-2.0182,-1.5765,0.297,-1.8061,-1.3379,-1.7773,-1.497,-0.3004,-1.6703,-1.2252,-2.1742,-0.7327,-2.1893,-2.2818,-2.8753,-1.9849,0.2601,0.5147,1.3521,0.0695,-1.2723,0.8798,0.2946,-1.4503,-1.8728,-1.2448,-1.5141,-0.663,0.9024,-1.8898,0.8089,0.2038,0.945,-2.1186,-1.772,-1.5941,0.4588,1.5918,-1.8734,0.9333,-0.1533,0.9424,0.1371,-0.9051,-0.1065,0.4022,0.0993,0.051,1.2349,0.0096,-1.0342,-1.3038,0.7714,0.3901,-0.9663,-0.7655,-1.3486,-0.551,-2.1186,0.0698,-0.9447,-0.9208,-2.3392,0.4335,0.0378,-0.3917,0.4671,0.6235,0.4045,-0.275,-0.1571,-0.1183,-1.7493,-1.1934,-0.6747,-1.6261,0.4372,-0.6037,-1.2715,-0.7767,0.0666,-1.9951,0.3131,-1.616,-0.7514,-0.809,-1.2444,-0.8661
7,1.5078,1.7051,-0.6706,-3.0683,-0.2369,2.0028,-1.2773,-2.9779,1.2173,-0.8754,-1.9995,-2.0152,-2.7227,-1.8351,-1.1526,-2.0364,-2.6423,-1.9936,-0.1738,-1.2144,-1.9907,-2.1161,-0.206,-0.0898,-2.0495,-2.0265,-1.624,-2.7395,-1.6353,0.4858,1.4783,0.9991,-2.249,0.7894,0.8827,-0.3346,-2.1178,-1.2884,-0.7705,0.0719,0.3523,-1.8509,0.199,-1.2016,-0.6708,-2.6132,-2.2462,-1.3947,0.0671,0.4696,-2.5145,1.2806,0.4155,0.7188,-0.3947,-0.4111,-0.4822,-0.4116,0.7131,-1.015,1.5601,-0.7916,-1.5775,-2.2303,0.8751,0.3807,-0.376,0.0985,-2.1303,-2.4316,-1.7021,0.3278,0.172,-1.068,-1.6804,-0.6533,0.6258,-0.9158,-0.3314,1.2427,1.6715,-0.9916,0.6002,0.0465,-1.5119,-1.8183,0.9719,-1.1654,-0.1759,-0.9195,-0.3317,-1.241,-0.3442,-2.5575,-0.0945,-1.7435,0.1456,-1.001,-1.0642,-2.0017
8,1.6669,1.4906,-0.9312,-2.1062,0.4046,1.2044,-1.6054,-2.9225,0.7854,0.3449,-2.031,-2.051,-2.2349,-1.6079,0.5546,-1.6414,-2.7181,-1.25,-0.3855,-1.2928,-1.231,-0.8176,-1.0339,-0.211,-1.9221,-1.3082,-1.7952,-1.5024,-0.9281,1.3864,1.1036,0.4315,-1.8171,0.3835,0.7069,-1.0297,-2.273,-1.3198,-0.0685,-1.1635,0.7832,-1.8945,0.3817,0.2721,0.3067,-2.0931,-1.1829,-1.3045,0.0941,-0.5421,-2.0707,1.2573,-0.2107,1.0168,-0.8761,-0.5118,-0.1162,-0.7572,0.1615,-1.474,1.1704,-0.1907,-1.7142,-1.4868,1.1711,0.3456,-0.074,-0.2505,-2.1611,-1.5078,-1.6235,-0.3594,0.2396,-0.662,-2.0464,-0.686,0.2134,-0.5759,-0.1196,1.1151,1.3387,0.0081,0.199,0.4507,-1.6373,-2.0379,0.3743,-1.3839,-0.8656,-0.8564,-0.9569,-1.2637,-0.3053,-1.9221,1.0862,-1.0142,0.181,-0.7183,-1.2994,-1.25
9,1.1961,1.0022,-0.2318,-2.8682,-0.5112,1.134,-1.1366,-3.4999,0.4461,-1.9878,-1.9988,-2.2509,-1.1549,-2.0349,0.1801,-2.3382,-2.7227,-1.2504,-0.8088,-1.3622,-1.3398,-1.7265,-0.2568,0.4503,-1.6581,-2.5652,-1.9449,-2.763,-2.274,0.7078,1.761,0.8753,-2.3465,-0.1586,0.9131,-0.4686,-2.9508,-0.9556,-0.555,-0.1862,0.4314,-2.4396,0.5634,0.0004,-1.2997,-3.0303,-1.6708,-1.4443,0.1083,-0.5437,-3.1942,1.3116,-0.0805,1.2029,-0.6156,-0.8482,-0.8223,-0.843,0.0758,-0.5522,1.355,-1.8036,-0.24,-2.4396,1.5238,-0.6337,-0.1669,-0.5303,-3.1236,-2.2701,-1.1957,0.2476,-0.1827,-0.8081,-2.8824,0.0779,0.6225,-2.5588,-0.5818,1.0807,1.7591,-0.7181,0.665,0.7834,-1.5119,-2.1153,0.5803,-1.6114,-1.564,-1.0387,-0.3277,-0.8904,-0.1381,-2.5383,0.329,-2.2643,0.4543,-0.7442,-1.4837,-2.9337
10,1.2907,0.7878,-0.3779,-2.3126,0.318,1.7154,-2.112,-3.6045,-0.3816,-0.4519,-2.1637,-1.6586,-2.4169,-1.6337,0.501,-1.5367,-2.9262,-1.4102,0.3483,-1.6317,-1.6205,-1.5877,-2.7871,-0.1955,-2.7196,-1.2924,-2.3476,-3.1145,-0.8573,0.525,0.9173,0.1186,-2.501,0.5294,0.8568,-0.0122,-2.8986,-0.0572,-0.5451,-0.3295,-1.2444,-0.8472,0.2604,0.0551,-1.7288,-2.4877,-0.9948,-1.0373,-0.9707,-1.177,-2.863,1.1927,0.5141,1.133,-1.8553,-2.3046,-1.5564,-1.119,0.1779,-0.5108,1.3082,-0.5986,-1.8079,-1.411,0.527,-0.9309,-0.2275,-1.136,-1.8878,-2.8665,-2.2759,-0.6651,-0.7961,-1.8534,-2.9997,-0.5334,0.5443,-1.4201,-0.4502,0.9993,1.1471,-0.4479,0.0812,0.498,-1.0689,-2.856,0.5969,0.4557,-0.087,-0.7681,-1.3164,-1.4974,-0.8561,-1.785,0.9443,-1.2,0.3533,-0.4435,-1.2372,-2.4974
11,1.3896,1.087,-0.7004,-2.2721,1.3016,1.372,0.8442,-2.0265,1.3966,0.9812,-1.7904,-1.6399,-1.7344,-2.4293,1.3009,-2.2538,-1.4948,-1.1366,1.3064,-0.6671,-1.1806,-2.2481,-2.3096,-0.4628,-1.9519,-1.232,-2.6868,-1.6312,0.5009,1.2524,0.8653,0.477,-1.8091,0.5116,1.2826,0.2782,-1.5975,-1.3767,-0.9329,-0.8088,0.7013,-2.2018,-0.1338,-0.6584,-1.6363,-0.9455,-1.328,-1.7181,1.1639,0.0086,-1.0264,0.1491,-1.6977,1.1581,-1.0765,-0.3459,0.4749,0.0718,-0.1279,-1.207,1.2594,1.2324,-2.331,-0.8363,1.1116,0.3472,-0.553,0.0489,-1.4503,-0.4297,-0.9511,-0.2141,-0.3328,-1.1326,-1.7737,-1.3819,0.0539,0.9275,-0.2329,0.7653,1.0471,-0.616,-0.4713,-0.2164,-2.3816,-0.913,0.7175,-0.315,-0.6438,-1.5755,0.5937,-1.9187,1.2093,-1.9576,0.334,-0.6601,-0.291,-0.8251,-1.782,-0.8692
12,0.8523,0.8735,-0.7014,-1.6745,0.6826,1.4979,0.3814,-1.701,1.7117,1.7784,-1.3807,-0.752,-1.1511,-2.2519,0.8597,-2.2377,-1.7731,-1.2365,0.9872,-0.9213,-1.3521,-1.7743,-2.2847,-0.513,-1.7367,-0.916,-2.6451,-1.6503,0.8612,0.6166,1.1558,0.1327,0.2162,1.0947,1.2,-0.5449,-2.0092,0.2029,-0.4652,-0.2743,-0.4974,-1.8208,0.7854,0.3697,-0.6457,-1.1584,-1.9345,-1.032,0.5036,0.5243,-0.7952,0.188,-0.07,0.8606,-0.7428,0.4515,0.2143,-0.6842,0.0398,-1.5828,0.7581,0.7889,-2.2331,-0.6188,-0.3966,0.0678,-0.7666,-0.4735,-1.616,-2.4769,-0.456,-0.706,-0.2408,-0.9329,-1.4606,-0.1199,-0.0522,0.4495,0.0271,1.344,1.0019,-1.1574,0.5269,0.5951,-1.1224,-1.7574,0.5601,-0.0401,-0.7983,-1.3398,0.3056,-1.9435,-0.1782,-2.1742,0.2801,-0.9986,-0.1398,-0.4563,-0.3885,-0.9948
13,1.4174,-0.2597,-0.4992,-0.1631,0.491,0.6982,0.0882,-1.779,1.6244,1.4238,-1.1838,0.7812,-1.0898,-1.7082,1.5589,-1.8351,-1.6836,-1.339,0.3521,-1.2289,-0.4429,-1.4486,-1.7487,-0.4603,-1.511,-1.6503,-2.1542,-1.4486,1.2249,1.3723,1.0565,0.4698,-0.5202,0.9332,1.2694,0.6369,-1.4338,0.567,0.1397,-0.9286,-0.8442,-1.7844,0.0619,1.1815,-1.3871,-0.7226,-0.5444,-1.3513,1.1872,0.3959,-1.1638,-0.8921,-1.3156,1.0482,-1.0161,-0.0473,-0.5266,-0.405,-0.3932,-1.5799,1.1119,0.5236,-1.3775,-0.5004,0.932,-0.3829,-0.6692,-0.7148,-1.665,-1.6939,-1.1404,-0.5926,-0.4735,-0.7211,-1.2935,0.0006,0.0273,0.0546,-0.5138,0.7968,1.4481,-1.0759,-0.4635,0.9931,-1.3811,0.3895,1.1625,-1.0662,-0.8821,-1.5707,0.7798,-1.8338,1.6289,-1.7131,0.659,-0.8989,-0.1575,-0.3673,-0.8393,-1.4705
14,1.6308,0.5123,-1.3677,-1.1184,1.4418,1.4656,0.3329,-1.6534,1.9139,0.9706,-1.6809,1.3212,-0.7154,-1.0633,-0.7271,-0.8458,-1.2783,-0.478,-0.0111,-0.0195,-1.043,-1.6518,-0.0519,-1.7126,-1.152,-1.9711,-1.6576,-1.7988,0.2197,0.1106,1.3122,0.4149,-1.2841,0.753,1.8442,-0.7284,-1.5362,0.4764,-0.8682,-0.9393,-0.4853,-1.2723,0.6774,1.4844,-1.3228,-1.3224,-1.4775,-0.2942,0.006,-0.9081,-0.9803,-1.2819,-0.4974,1.162,-0.0288,-0.0257,-0.7698,-0.3541,-1.1973,-0.5832,0.7756,1.4293,-1.8799,-0.5353,1.0185,0.2041,-1.2046,-1.2932,-0.9143,-1.0255,-1.6623,-1.211,-0.3058,-1.2595,-0.5975,0.0719,-1.1725,1.186,-0.1592,0.1148,0.5947,-0.9261,0.0354,0.986,-1.3498,0.4093,1.309,-1.325,-0.8933,-0.994,0.1109,-1.6271,0.4349,-1.4188,-2.1839,-1.735,-0.3429,-0.9096,-1.1858,-1.1002
15,1.3848,1.6192,-0.0781,-1.331,0.6041,1.2078,0.022,-2.2443,1.5196,-0.0198,-0.619,-0.7164,-1.62,-1.5155,0.6615,-1.6035,-1.0674,-1.057,0.4893,-0.2488,-0.9414,0.3844,-1.5926,-0.1048,-1.8152,-0.2936,-1.441,-1.0841,0.1337,1.2673,-0.5897,-0.0531,0.4073,0.7671,0.8011,0.5311,-1.413,-0.0787,-0.0286,-0.7072,-0.5115,-0.5496,-0.2584,1.5735,-0.9029,-0.5847,-1.0921,-1.6928,0.9969,1.5416,-1.433,-0.59,-1.2539,1.1571,-0.8377,-0.8992,-0.604,0.6078,-0.4192,-1.1264,0.7338,1.112,-1.7204,-0.7379,0.5447,0.4234,-1.5941,-1.1298,-1.1032,-1.1479,-1.2968,-1.1603,-0.5725,-1.061,-0.6035,1.2409,0.4339,0.2682,-1.1635,0.3746,0.5697,-0.4145,-0.315,0.1643,-1.6529,0.5503,0.3442,-2.0612,-0.3337,-0.84,0.2038,-1.515,0.182,-1.9683,0.8649,-2.2605,0.4032,-0.2942,-0.575,-1.526
16,1.2257,1.7297,-0.8258,-1.354,0.5863,1.6241,0.0419,-2.1973,1.3906,0.84,-1.4143,-0.3219,-1.8433,-1.5353,1.6494,-1.4627,-1.438,-1.1565,1.9666,-0.3565,-1.3847,-0.6461,-1.6623,-0.8948,-1.5794,-0.6921,-2.4974,-1.3791,0.2237,1.5479,0.7023,0.2432,-0.8221,0.673,0.6906,1.0124,-1.8911,-0.6624,-0.1856,-0.9429,0.7733,-1.4469,0.0728,0.2318,-1.0018,-0.9663,-1.7814,-2.0651,0.7221,1.6717,-2.1021,0.1033,-0.9856,1.4912,-1.0533,0.4281,0.4767,0.0825,-0.0674,-0.3016,1.3929,-1.1117,-1.9173,-1.7316,0.4476,1.034,-0.0132,-0.6029,-1.3988,-0.0287,-1.0631,-0.7079,-0.5403,-0.8972,-1.1977,-0.8751,0.1408,-0.1275,-0.1716,0.2333,0.4734,-1.0481,-0.6597,-0.1954,-2.0333,-0.3699,1.3946,-1.2191,0.3525,-1.1282,-0.7597,-2.1813,-0.0452,-2.3238,0.6357,-2.8051,0.0754,0.5008,-0.8616,-1.3371
17,0.9901,1.4034,-0.9994,-0.6375,0.7031,1.8702,0.1282,-0.5929,0.5622,1.8399,-1.2331,0.0745,-1.0062,-0.9997,1.6999,-0.9309,-1.1344,-0.7081,1.2647,-0.64,-0.8526,-1.0267,-1.1169,-0.3745,-1.4275,-1.0487,-2.0923,-0.9014,-0.1163,1.2047,1.4121,-0.052,-0.7546,1.1596,1.4294,-0.0979,-0.998,0.2948,-0.1692,-0.7392,0.0758,-0.8892,-0.8176,-0.123,-1.0535,-0.887,-1.2913,-0.9312,0.6143,0.5109,-1.5033,-0.2791,-0.7164,0.8169,-0.5791,0.0145,-0.0079,-0.0719,0.4444,-1.1141,0.5095,-0.0836,-1.1777,-0.7781,1.2561,0.2973,-1.1326,0.6162,-1.797,0.006,-0.9561,0.2256,-0.0531,-0.6118,-1.0619,0.4126,0.6928,-0.1608,-0.7741,1.1344,1.6298,-1.0812,0.1651,0.8472,-1.5055,-0.5836,0.9192,-1.2859,0.5685,-1.3104,0.4576,-1.2877,0.6608,-1.5404,0.8182,-1.4073,-0.6321,-0.2134,-0.2436,-0.9488
18,0.8534,1.5477,-1.3383,-1.464,0.7526,1.6299,0.4152,-1.7204,1.1554,1.3313,-1.2965,-0.9545,-1.1845,-1.7005,2.0389,-1.433,-1.1728,-0.7459,1.3926,-0.6642,-1.0311,-1.0203,-1.5233,-0.5888,-1.6079,-1.3295,-1.712,-1.2438,0.3498,1.3648,1.5303,0.0875,-0.6179,1.2594,1.4252,0.7689,-1.2637,-0.3423,-0.3666,-0.9684,0.0385,-1.481,-0.2553,0.8837,-1.1832,-0.684,-0.8063,-1.4512,0.9984,1.856,-1.4427,-1.208,-0.6343,1.536,-0.9488,-0.6039,0.0586,-0.2781,0.5143,-0.9848,0.8611,-0.1649,-1.2331,-1.057,1.5863,0.5244,-0.6539,0.2504,-1.0334,-0.6434,-1.2755,-1.0183,-0.6775,-0.7346,-1.2016,-0.8477,-0.64,0.3333,-0.6253,1.0896,1.5664,-1.2107,-0.237,0.6236,-1.374,-0.8146,0.637,0.0343,0.2001,-1.5432,-0.529,-2.1733,1.0123,-1.501,0.4266,-1.3322,0.1745,0.4091,-1.0712,-0.1334
19,1.2878,2.1103,-1.7104,-1.5474,1.3405,2.0832,0.1782,-1.8669,1.1937,0.9975,-2.4396,-0.5224,-1.8566,-1.8,2.1758,-1.9597,-2.3197,-1.0008,2.1466,-1.0208,-1.4275,-1.458,-1.9856,-1.0208,-1.9604,-0.1174,-2.5358,-1.6064,0.3197,1.465,1.6957,-0.0484,-1.8695,0.8951,0.5363,0.5459,-1.7071,-0.4245,-0.3582,-0.7156,0.0179,-1.9092,0.2617,0.5278,-1.8183,-1.4705,-0.8637,-1.4771,0.8568,1.8715,-1.9733,-0.7783,-1.6099,1.3233,-1.1111,0.3525,-0.5804,-0.0401,0.5119,-1.3935,1.0068,0.2644,-1.7109,-1.521,1.0544,0.6434,-1.1184,-0.0939,-0.9867,-0.7386,-1.9386,-0.4186,-0.9694,-1.1135,-1.9092,-0.5408,-0.1589,0.2393,-0.764,-0.2343,1.7921,-1.982,-0.118,0.2975,-2.3361,-0.8616,0.6726,-0.7739,0.3623,-1.6342,-0.7103,-3.2089,1.5251,-2.1046,0.3728,-2.7091,-0.2185,0.2486,-0.7582,-1.3591
20,0.9486,1.9016,-0.7164,1.5615,-0.2374,1.6741,0.2073,-1.8158,0.4825,-1.302,-0.9891,2.0211,-0.9956,-1.7826,0.4404,-1.4957,-0.8855,-1.0963,1.6626,-0.3581,-0.3039,-0.2852,-1.5223,-1.0016,-0.4413,-1.0812,-1.3783,-0.983,1.1094,0.8745,-0.2482,-0.1358,0.4554,-0.2185,0.7614,0.941,-0.9956,1.3608,-0.4737,-0.189,-0.6375,-1.6623,-1.1712,-0.8056,-0.9238,0.2797,-0.6099,-1.1348,0.6571,0.0371,-0.8536,-0.2721,-1.5265,0.9253,-0.1117,-0.4638,-0.7396,0.3111,0.379,-1.278,0.5016,1.2758,-1.3153,-0.3685,0.2801,-0.983,1.0541,-0.6417,-1.9421,0.4304,0.3391,-0.1629,0.119,-1.2427,0.164,0.6602,0.0169,-0.015,-1.5731,-0.7267,0.2189,0.419,-1.5279,0.0113,-1.4992,-0.8739,0.8625,-2.0159,-0.3332,-1.5673,1.2146,-2.0069,-0.1395,-1.1884,0.8043,-1.689,-0.4611,0.1475,-0.2266,-1.5173
21,1.1617,0.641,-1.3919,-1.0005,0.8484,1.2994,-0.0043,-2.3248,1.9727,1.3884,-1.9421,0.0508,-2.6409,-2.0518,1.415,-1.7299,-2.0077,-1.3075,1.1973,-1.1432,-0.4368,-1.3544,-1.8036,-1.5219,-1.7779,-1.6399,-2.2481,-1.2438,0.4007,1.2918,0.8072,0.5208,-1.197,0.8241,0.4747,0.2536,-1.9625,-0.494,-0.6175,-0.2954,0.6942,-1.7661,-0.5454,0.9735,-1.3815,-1.1181,-1.6842,-1.5033,1.2855,1.5653,-2.5836,-0.717,-2.0003,1.6722,-1.3943,-1.6539,0.6041,0.088,1.1342,-1.6703,1.3962,0.1509,-1.2232,-1.8998,1.7931,0.7422,-0.2785,-0.5264,-2.081,-1.5015,-1.179,0.3037,-0.2969,-0.412,-1.2884,-1.4943,-0.3876,-0.7972,-0.6171,0.4363,0.9863,-1.9625,-0.0443,-0.4499,-2.3634,-1.1796,0.6013,-0.9125,-0.1571,-1.4271,-0.8616,-2.6507,0.9688,-2.4499,0.8443,-1.0461,-1.2066,0.1516,-1.257,-1.2399
22,1.4233,1.58,-1.6847,-0.9153,1.1846,1.7986,0.397,-2.2711,1.4968,0.8834,-1.8012,-0.4299,-2.1777,-1.8338,1.4307,-2.1388,-1.8202,-1.21,1.2211,-0.9309,-0.5251,-1.4057,-1.92,-0.8433,-1.99,-1.7826,-2.3372,-1.8395,-0.2274,0.5856,1.0075,-0.0373,-0.6356,0.8519,0.8518,0.5576,-1.712,0.0225,-0.8265,0.0865,-0.0988,-1.7755,-0.3479,0.6214,-0.6564,-1.3042,-1.5693,-1.526,0.7659,-0.1701,-2.2986,-0.7407,-0.9086,1.8694,-0.3914,0.2359,0.1557,0.1068,0.9929,-1.577,0.4055,0.552,-1.3383,-1.666,0.7976,0.5868,-0.4546,1.2534,-1.9228,-1.2493,-0.7844,-0.536,-0.3644,-0.8255,-2.2109,-0.6728,0.0105,-0.3817,-0.9221,0.8849,0.6435,-1.762,0.0892,-0.1715,-1.9477,-1.441,1.6081,-1.7277,0.5786,-1.446,-0.0261,-2.6521,2.1497,-2.1095,0.6708,-1.23,-0.6996,-0.3821,0.0053,-1.4762
23,1.535,2.0008,-0.8982,-1.8042,-1.3548,0.8896,0.5949,-1.9262,1.311,1.2861,-1.7048,-0.5466,-1.047,-1.7928,1.6124,-1.9583,-1.4701,-0.8524,1.5933,-0.3029,-0.7012,-0.9684,-1.4188,-1.0054,-0.1077,-1.2403,-1.8332,-0.7877,0.5737,0.8848,0.7404,-0.0688,0.5814,1.0755,0.3206,-0.9063,-1.6555,-0.0028,-0.3415,-0.5253,-0.6974,-2.0318,-0.2132,0.1192,-0.4945,-0.4842,-0.8554,-0.6964,0.8382,1.0882,-2.1161,-0.0241,-0.4574,1.4922,-0.7244,-0.2347,-0.315,0.023,0.8546,-1.3119,1.4018,-0.4563,-1.1799,-0.5653,0.6813,0.5977,-0.1982,0.5487,-2.1991,-1.6988,-1.3213,-0.5258,0.1255,-1.2837,-0.9086,-0.0837,-0.1845,-0.6804,-0.7286,0.8853,0.3893,-0.262,-0.7168,-0.4402,-1.0753,-1.374,0.8337,-0.9039,0.2379,-1.4855,0.0674,-1.3038,-0.6236,-2.5158,0.7425,-1.0768,0.0742,0.7247,-1.9463,-0.7028
24,-0.2253,0.9265,0.2359,0.9529,0.7338,-0.0656,-0.5872,0.657,-1.5531,-2.0487,-0.1289,2.2446,0.8774,0.4948,-0.7432,-0.0944,0.2671,0.9553,-1.7574,-0.4113,-1.0278,-0.0853,-0.0199,-0.8635,0.7002,-0.345,-1.7976,-0.7394,-0.0294,0.5511,0.0259,-0.0555,-0.9431,-0.8192,0.5514,-1.4679,0.0389,0.006,-0.8911,1.1449,-0.4126,0.3832,0.9985,-0.6398,-0.2567,-0.3377,-0.5544,0.6634,0.3135,-1.595,-1.1032,0.8704,0.7069,0.8297,-0.1924,-1.9922,-0.4291,-0.4581,0.0014,-0.6753,0.8906,0.3082,-1.5916,-0.886,1.3347,-0.4549,0.176,-1.6312,-0.6255,-2.7742,-1.6885,-0.2878,0.5895,-0.5948,0.4021,-0.5586,0.148,-0.9902,0.1524,-0.1967,0.5661,-1.1407,-0.4331,0.7418,-1.837,-1.4159,0.7039,-1.7684,-2.0167,-1.088,0.5351,0.0127,-0.8948,-1.5568,0.4182,-1.5096,0.6826,-0.6694,-2.0907,-1.6607
25,-0.6878,-0.5536,1.5464,1.509,0.121,-0.6587,0.2781,0.3204,-0.2194,-0.7453,0.317,1.8145,0.4249,-0.27,-0.5948,-0.3045,-0.8519,-0.0499,-0.5917,0.4112,0.2231,0.2913,-0.1177,0.3075,-0.0581,0.2551,-1.0567,0.9268,1.1422,0.6424,-0.5133,0.2299,-0.3393,-0.5062,0.6714,-0.2462,-0.1577,0.977,-0.8074,0.7033,-0.8597,-0.0419,0.3116,-0.0221,-0.7438,0.9561,-0.8498,-0.5163,0.7376,-1.0547,-1.5823,-0.2646,-0.6337,0.605,0.2625,0.1293,-0.663,1.2036,0.3749,-0.7531,-0.0399,-1.3811,-0.9284,-0.4868,0.7693,0.1195,0.2614,-0.7004,-1.3996,-1.0877,-1.2881,-0.9071,0.318,-1.4346,0.0088,0.4567,0.2847,-1.4201,-0.0013,0.6016,-0.1179,-0.007,-0.1703,-0.3039,0.0296,-0.8936,-0.508,-1.256,-0.1227,-1.2658,0.8293,-0.7934,-0.5964,-0.9626,1.0465,-0.5484,0.9824,-0.1307,-0.268,-0.5957
26,-1.0815,-0.7146,1.7957,2.4246,-0.2249,0.7426,-0.271,0.7952,-0.9663,-2.0907,0.3256,2.527,1.2998,-0.0651,-1.791,-0.8363,-0.9352,1.8809,-1.5353,0.1213,0.5469,-0.184,-0.2051,-0.2477,-0.5618,0.4305,-2.6409,0.8867,0.4763,-0.5748,-1.2327,-1.2073,0.549,-2.597,0.5858,-1.5413,-1.4503,1.2481,-1.5847,1.0253,-1.1379,-0.7095,0.711,0.022,0.2214,-0.5019,-0.0608,-0.7091,1.0263,-0.8646,-2.386,-0.1416,-0.1483,0.7004,-0.5231,0.2158,-0.747,1.6015,0.1673,-0.457,0.0148,-2.2798,-1.1292,-1.9058,1.8498,-0.7875,-0.698,-1.99,-2.87,-0.698,-1.241,-1.4151,0.0189,-0.707,-0.8171,-0.165,0.3197,-1.9576,0.7409,0.8724,-0.7525,-0.14,-1.7814,-0.913,0.5317,-1.1596,-0.7269,-1.9944,-1.3556,-1.7655,-2.0826,-1.0762,0.0906,-1.9031,1.2744,0.8263,1.6689,-0.8108,-0.4821,-0.867
27,-1.8116,-1.1023,1.6293,1.7278,-0.0972,0.0755,0.3398,-0.315,-0.0884,-1.974,-0.1953,1.8046,0.2291,0.3566,-0.9511,0.8274,-0.7627,-0.1734,-0.7781,0.0867,-0.514,-0.4716,0.6486,0.3935,-1.1236,-0.4604,-1.0856,0.361,0.0037,-2.0843,-0.8807,-0.2805,-1.3681,-2.5408,0.4617,-0.6142,-0.8747,0.0254,-1.6955,-0.1219,-2.5084,0.2577,-0.463,-0.082,-0.8989,-0.1427,-0.2444,-0.5771,0.2158,-1.1881,-1.153,0.8784,0.0998,0.5709,0.2717,0.3883,0.2335,1.3196,0.0006,0.0648,-0.6681,-2.4569,-1.3498,-0.9937,1.5244,1.0402,0.7828,-1.8605,-2.6283,-0.994,-1.8483,-1.3183,0.3408,-1.2673,-1.2673,-0.4291,-0.4674,-1.4213,0.9513,-0.019,0.2791,1.6882,-0.7516,-0.8063,-1.5123,-1.2698,-1.599,-0.8776,-0.511,-1.5019,-0.2936,0.4189,-0.0073,-1.0874,0.8803,-1.0868,0.876,-0.6661,-0.4187,-0.1935
28,-1.0969,-1.3831,1.491,1.6275,0.3545,-0.3514,-0.3598,0.3357,-0.2979,-2.4146,-0.33,1.5832,1.1349,0.6255,-1.575,-0.2611,-2.2867,1.0933,-1.6863,-0.0016,-0.0447,-0.1972,-0.287,0.1323,-1.1282,0.3583,-1.0258,0.3972,-0.167,-1.7037,-1.2751,-1.1603,-0.4855,-3.2065,0.0321,-0.7226,-1.3326,0.8531,-1.7453,0.7534,-1.6,-0.1119,0.571,0.3635,0.3552,0.299,-0.3147,-0.7228,-0.1619,-1.515,-1.2403,0.5964,0.6005,0.9163,-0.7636,0.3789,0.3592,1.2399,-0.3453,0.0714,-0.528,-2.5956,-1.7626,-1.3186,1.3635,-0.0006,-0.0347,-0.8007,-1.1699,-1.2003,-1.0642,-1.3235,-0.6655,-0.1963,-0.9509,0.2589,0.3076,-1.2787,1.0103,0.508,-0.4549,-0.0354,-1.2841,-0.7514,-0.108,-0.8735,-0.8389,-1.623,-1.6281,-1.1429,-1.0278,-0.8649,0.1528,-0.6375,0.3085,-0.1563,1.2289,-0.6968,-0.294,-0.5147
29,-1.152,-0.9561,1.433,1.8249,0.8093,0.1715,-0.6785,0.4229,-1.055,-1.2286,-0.2928,1.8233,-0.9989,0.115,-1.2979,0.3553,-1.5616,-1.0337,-1.0662,0.5279,-0.3476,-0.6167,0.2722,0.8049,-0.2444,-0.4098,-1.8134,-0.3491,0.5805,-0.9655,0.0299,-0.1218,-0.6142,-1.0225,0.645,-0.9345,-1.5901,0.4968,-2.1919,-0.2536,-1.1504,0.4305,0.8474,-0.9046,-0.0446,0.3299,-0.1359,-0.2259,0.371,-1.2,-0.5902,0.1976,-0.1506,-0.2492,-0.0484,-0.0261,-0.8126,0.6199,0.2151,-0.6908,-1.3673,-1.6084,-1.6513,0.1619,0.1369,-0.2513,0.8585,-0.405,-2.0667,-1.2438,-2.4079,-1.1767,0.4668,-1.1056,-1.6793,-0.6004,-0.5125,-0.948,0.1759,0.4351,-0.0636,1.1455,-0.4628,-0.4597,0.2067,-1.2023,-1.3075,-1.7976,-0.7901,-1.2107,0.8469,-0.0051,-0.3205,-0.0393,0.3059,-1.5726,0.5385,-1.2848,-0.7963,-0.8223
30,-1.0484,-0.6127,1.1784,1.4285,1.0269,0.3784,-0.155,1.1249,-0.7036,-2.7458,-0.9697,1.4353,-1.012,-0.7941,-1.4065,-1.6342,-1.3394,-1.8598,-1.7142,0.0587,-1.3101,-0.5902,-1.1734,-0.566,0.108,0.3096,-0.079,0.6308,0.5053,-0.0314,0.1571,-0.1364,-1.5237,-0.8426,1.1479,-2.1559,-1.2167,0.689,-2.3476,0.3045,-0.004,0.0854,0.0048,-0.4515,-2.4146,-1.3972,-1.6104,0.4062,-0.0318,-2.5345,-0.5953,0.0655,-0.3578,-0.6549,0.3006,0.0521,-0.633,0.8406,0.0783,-0.2674,-0.1875,1.2634,-2.0723,-0.3936,-1.1944,-0.4365,-0.9636,-1.998,-1.6435,-2.6118,-2.0425,-1.0756,-0.1023,-1.3027,0.3256,-0.2608,-0.3325,-3.3354,0.2136,-0.0905,0.5954,0.7589,-0.1597,1.1072,-2.0581,-1.1123,-1.0747,-2.191,-0.2922,-0.8704,0.538,-0.0083,0.7454,0.0194,-0.9375,0.4034,-0.9951,-1.7585,0.7212,-1.2043
31,0.3691,-0.6066,1.5922,0.6174,0.5087,-0.6503,-0.4716,-0.9426,-1.6734,-1.8892,-0.0848,2.4316,-0.3309,0.0206,-1.0478,-0.9721,-1.4727,-0.6597,-1.1026,-0.8169,0.535,-0.0917,-0.1219,0.3864,-0.1354,-1.5137,-1.2591,-1.1463,-0.0437,-0.3863,0.2808,0.2135,-1.4619,-0.8303,0.5704,-0.2377,0.4031,0.9515,-1.5731,1.0606,-0.801,0.1398,0.8655,-0.5755,-0.3496,0.9585,-0.0869,-0.7181,0.3067,-1.2598,-3.11,0.1346,-0.8788,0.7824,-0.3935,-0.333,-0.9867,0.0141,0.6816,-1.0147,0.7883,-1.779,-1.624,-1.8859,1.3679,0.2106,0.26,-1.3463,-1.8208,-3.0303,-1.2588,-1.8452,0.3322,-1.3394,-0.6411,0.6194,0.483,-2.7903,-0.3973,0.4426,0.2567,-1.865,0.1269,0.0946,0.0657,-1.6713,-1.3498,-1.712,-1.5069,-1.3345,1.0515,-0.5975,-1.4606,-1.7395,0.4178,-2.8051,1.3209,-0.8651,-1.1963,-2.2936
32,-0.5626,-0.672,1.0613,1.3193,0.4221,-0.1563,0.2164,0.1016,-0.7857,-1.7522,-1.0841,2.1094,-0.6009,0.0141,-0.8987,0.1918,-0.7956,-0.0856,-0.7472,0.685,-0.0348,-0.5787,0.4146,0.4228,0.5767,0.6621,-2.7001,-0.4996,-0.3829,-1.0844,0.0182,-0.0422,-1.0342,-0.9473,0.8067,-1.1273,-1.2307,0.6728,-2.4592,0.0882,-1.5302,0.8933,1.0926,-0.3376,-0.3695,-0.2244,-0.2653,-0.0599,0.4324,-1.6155,-2.2303,0.8154,-0.0809,0.6547,0.0155,-0.4639,0.4063,-0.0048,0.8881,-0.2708,0.2644,-1.1911,-1.9477,-0.8923,0.8705,0.3306,0.1637,-1.8073,-2.0794,-0.8343,-3.163,-1.8702,0.5027,-1.0791,-1.2033,-0.3345,-0.5396,-1.6713,0.6255,-0.0294,0.2263,0.8824,-0.4394,-0.374,-0.2274,-1.0101,-1.9065,-3.4999,-1.2997,-1.3976,0.5725,-0.6112,-0.6073,-0.9403,-0.6814,-2.4418,1.3414,-0.9342,-1.7305,-0.5067
33,-0.3776,-0.7402,1.2538,1.1065,0.8895,0.2184,0.3578,1.1228,-0.7636,-0.8228,-0.4265,1.5082,0.0266,0.2569,-1.7562,-2.4035,-0.4237,-1.241,-0.9501,0.2904,-0.4747,-0.3069,-1.6134,-0.5991,-0.4374,0.0649,0.0268,0.5717,1.1136,0.8613,-0.1689,-0.7484,-0.0111,-0.416,1.3304,-0.4953,0.2385,-0.138,-1.0829,-0.0223,0.1345,0.3658,0.7217,-0.6466,-1.3823,0.233,-0.9414,-0.4154,0.8929,-2.3838,-0.6192,0.4184,-0.3876,0.0299,0.6097,-1.2972,-0.3496,0.1613,-0.0772,-0.0416,-0.1688,-1.1178,-2.1103,-0.0487,-0.0583,-0.5375,-0.8442,-0.6838,-0.448,-2.7985,-1.5498,-0.3845,0.1277,-0.7273,-0.0692,0.4962,-0.2174,-2.7662,0.0842,-0.7191,0.4489,0.5485,-0.6724,0.6604,-2.7504,-1.1536,0.6803,-1.974,-1.6261,-0.7506,0.5322,-0.4387,-0.264,-1.2577,0.2061,-0.2203,0.0821,-0.7741,-0.3882,-1.4554
34,-1.2658,-0.5574,1.6,1.9273,0.7899,0.28,-0.475,0.6243,-0.6097,-1.6482,-0.3686,1.978,1.7954,1.026,-1.5228,1.4561,-0.9862,1.8554,-2.0152,0.3475,0.7395,-1.004,0.6101,0.3134,-1.1279,0.6021,0.3235,-0.505,-0.1766,-0.6769,0.3703,-1.3034,-0.7661,-0.8025,1.1695,-1.2809,-0.7447,1.2404,-1.5578,0.4829,-1.6576,0.9651,0.5388,0.0429,-0.9867,0.5543,-0.6663,0.8552,0.1084,-1.9633,-1.1973,-1.4024,-0.1624,-0.3415,0.1368,0.0547,-0.2637,1.5969,-0.0195,-0.0815,-0.6136,0.1619,-1.3959,-0.715,-0.2654,-1.9099,1.189,-1.8618,-1.6394,-1.1053,-0.4519,-1.446,-0.2826,-1.4675,0.6661,0.4651,-0.7674,-0.1021,-0.3515,0.0653,0.2706,-0.1916,-0.7815,-0.2784,0.8662,-1.1432,-0.3438,-1.3345,-0.4917,-1.4775,0.5285,-2.1481,0.3777,-1.1699,0.9864,0.0788,1.535,-1.0147,0.1696,-1.0657
35,-1.0579,-0.3582,1.3527,1.6226,0.6254,0.4121,-0.5194,-1.6539,-0.5261,-1.1622,-0.438,1.6094,1.4376,0.9913,-1.1068,1.0448,-1.1625,1.3764,-1.7418,-0.195,0.446,-0.3782,-1.5654,-0.3335,-1.4571,0.6468,-0.0903,-0.5693,0.2626,-0.4722,1.041,-1.4155,-0.7548,-1.402,1.1348,-0.9375,-0.2546,1.464,-1.1426,0.6372,-1.6703,-0.239,-0.2818,0.4767,-0.4706,0.4443,-0.6151,-0.2554,0.7331,-1.969,-1.6665,-1.0438,-0.84,-0.104,0.0798,-0.4732,-1.2266,1.3495,-0.0786,-1.1858,0.0169,0.0348,-1.8799,-0.7504,0.1521,-2.4998,-0.4343,-1.2327,-1.1023,-1.428,-1.9038,-1.5246,-0.45,-1.2917,-0.3291,0.6875,-0.1076,-0.4766,-0.5595,-0.0153,0.5754,-1.0461,-0.8158,-0.4614,0.2627,-0.7306,-0.4062,-0.8816,-1.2113,-1.8295,0.8334,-0.9493,0.3243,-0.9019,1.0864,-0.1797,1.1458,-0.9678,0.6976,-1.3145
36,-0.4436,-0.5987,1.0068,1.9583,-0.5595,-0.2035,-0.4452,-1.0619,-0.5716,-1.2542,-0.7373,1.8715,1.8059,0.1936,-0.9498,1.1054,0.1764,0.4147,-1.196,-0.6974,-0.7232,-0.937,0.3411,-0.437,-1.5649,1.2839,-0.7642,-0.0234,1.0072,-0.1754,0.5444,-0.6186,-1.2787,0.0634,1.5956,-0.7976,0.0779,1.3683,-0.5351,-0.5656,-1.803,0.4595,0.1482,-0.124,-1.3179,-1.1132,-1.2147,-0.2708,0.2394,-2.3958,-1.116,-0.4245,0.0593,0.4842,-0.1645,-1.9922,-1.8767,0.4929,-0.5057,-1.0368,0.7141,-0.382,-1.8721,-0.8061,1.3282,-2.0915,-0.6868,-1.2972,-0.4092,-2.127,-1.8579,-1.5182,0.2617,-1.1664,-0.4137,0.0499,0.3221,-1.2403,-0.6332,-0.6404,0.7301,-0.873,-0.3938,0.7744,-0.57,-0.8809,0.0936,-1.5578,-0.24,-1.576,-0.0545,0.4695,-0.3412,-2.0675,0.6554,-0.4345,0.4297,-0.8938,-1.0048,-1.7928
37,-0.0069,-0.7612,1.7204,2.0785,0.4891,0.7355,-0.0298,0.4699,-0.45,-0.9431,-0.2875,2.0982,1.1309,0.5558,-1.0718,1.0953,-0.0777,1.4289,-1.0785,-0.2729,0.0201,-0.1265,0.6764,0.5016,0.2038,0.5255,0.2511,0.7103,0.166,0.0324,-0.1808,-0.1953,-1.5223,0.7585,1.3445,-1.0098,-0.0004,-0.2421,-1.4692,0.1234,-0.8514,-0.8538,0.1516,-1.0481,-0.9715,-0.0144,0.0899,0.6977,1.2423,-1.6713,-0.0808,-0.459,-0.8027,-0.5935,0.4339,0.5149,0.4953,0.5426,-0.9054,-0.4003,0.5109,-0.2873,-1.8085,-0.8338,1.208,-1.2705,-0.6055,-1.2595,-0.502,-2.1388,0.028,-1.2279,0.597,0.1602,0.3007,0.2375,0.2623,0.1082,0.5153,-0.6037,0.8909,0.1401,-1.0779,-0.6996,-0.5779,0.2865,0.2716,-1.5502,-0.6763,-1.5765,1.4966,0.3195,0.4452,-1.0859,0.9652,0.044,0.4353,-1.3536,-0.8668,-1.0379
38,-0.4119,0.0294,2.0687,2.4012,0.3981,0.4204,-0.4187,-0.1543,-0.4886,-0.9175,-0.5199,2.2888,0.3773,0.2175,-0.9442,1.8808,-0.3508,1.1126,-0.7599,0.3109,0.6562,-0.3721,1.7139,0.1273,0.1039,-0.5014,-0.6463,0.5693,-0.6088,-0.7038,-0.2905,-0.9145,0.7185,-0.6669,-0.0277,-0.4242,-0.3721,1.0314,-0.7546,0.4872,-1.3097,-0.4311,0.2566,-0.6302,-0.5158,0.3016,-0.6842,-0.5168,0.6203,-0.8759,-0.9959,-0.1987,-0.4532,0.453,0.661,0.2506,-0.5656,0.608,0.0015,-0.5591,0.4965,-0.3402,-0.997,-0.3235,0.7946,-0.8354,0.5523,-0.6466,-1.2841,-0.8606,-0.6956,-0.8687,1.2246,-0.7404,-0.616,0.4388,-0.2759,0.6712,-0.3829,0.0967,-0.1344,0.2401,-0.9729,-0.3945,-0.4797,-0.8447,0.0615,-0.8482,0.0534,-1.0292,0.6508,-0.7586,-0.3082,-1.0247,0.4366,-1.2943,0.2379,-0.4971,0.3778,-0.486
39,-0.1453,0.0068,1.3967,2.4383,0.0902,0.2278,0.8135,0.7691,-0.0933,-1.9922,0.178,2.4892,0.9307,-0.8623,-0.8255,-0.5207,0.1933,-0.1228,-1.0788,0.0051,-0.3216,0.9635,1.1426,0.1735,-0.4192,0.672,-0.939,1.2869,1.3607,1.2984,-0.7958,-0.0531,0.6029,-0.3927,0.8163,-0.837,-0.2832,0.5082,0.0028,-0.0096,-0.0697,-0.5095,0.6458,-0.5113,-0.5699,0.0568,-0.4002,0.6421,1.1318,-1.4894,-0.8583,-0.4743,-1.0981,1.03,-0.1427,0.9934,-0.4353,1.0581,-0.6125,-0.8237,-0.0197,-0.0569,-1.2266,-0.3164,0.3979,-1.0342,-0.282,-2.6722,-2.4581,-1.623,-0.6062,-1.4288,1.5912,-0.7914,0.8339,-0.0255,0.598,-1.8351,0.0796,-0.7379,0.587,1.2276,-1.6291,0.3269,-0.9621,-1.0219,0.1692,-1.769,-0.0026,-1.5693,0.2123,-0.5217,-0.8255,-2.357,0.5777,-0.2096,0.9534,-0.0851,-1.2805,-0.6499
40,0.3647,0.068,-0.5261,-0.2449,-0.0792,-1.1075,0.1766,-0.8146,-0.8928,-2.1328,-1.1514,2.9436,1.2838,-1.0101,-0.9281,1.2372,-0.096,2.3218,-1.3653,-0.1533,0.1929,-0.475,1.7307,-0.109,-0.9367,0.3454,-0.5975,-0.9246,0.0049,-0.2563,-0.7373,-0.8505,0.1802,-1.5169,1.6174,-0.2216,-1.0433,0.2509,-0.7392,0.5447,-1.474,-1.5507,0.1441,-0.4933,-1.4477,-0.7178,-1.085,-0.2704,0.7067,-1.1354,-1.5554,0.0473,-1.7898,0.2183,-2.4592,-0.6116,-1.1967,1.0127,-0.8514,-0.4205,0.4234,-0.2492,-1.3448,-1.6923,1.3758,-1.8214,0.8996,-1.4645,-2.0464,-0.979,-1.0495,-1.0253,0.4403,-0.2805,-0.3491,-2.3613,0.2621,-1.9099,-0.96,-1.4939,-0.1784,0.524,-1.9065,-0.5686,-2.3086,-0.6718,0.5971,-1.8295,-0.7211,-1.3614,-0.3323,-1.6644,-2.0723,-1.3364,0.5641,-0.7921,0.9386,-0.8742,-0.408,-1.3976
41,-0.6081,-0.7857,0.7185,2.3933,0.7529,0.5372,0.5381,0.7811,-1.1689,-1.7384,-0.0066,2.3676,1.2333,0.2216,-0.508,0.6297,0.1398,1.0115,-0.2564,-0.245,0.3414,-0.0999,-0.0843,-0.3338,0.0652,0.189,0.6548,0.5664,1.1589,1.1658,-0.4912,-0.3939,0.3307,0.1474,0.9793,-0.0744,-1.2066,0.5086,-0.7279,0.5882,-0.4331,-1.929,-0.5001,1.414,-1.7048,0.6896,-0.4006,0.6705,0.8026,-0.5093,-0.6279,-0.8611,-1.206,0.4998,0.144,-0.6858,-0.3591,0.825,-0.5574,-0.8267,0.0992,-0.6798,-0.4308,-0.2842,0.8408,-1.3575,0.2987,-0.9752,-1.5804,-1.8773,-0.3821,-0.9034,1.123,0.2232,-0.3418,0.9364,0.501,-1.3112,-0.8573,-0.9324,0.5017,0.5689,-0.913,0.5802,-0.1918,-0.611,0.6321,-2.4557,-0.3159,-1.5621,1.1004,-2.0972,-0.0394,-1.3505,0.9066,-0.6491,0.163,-0.6539,0.2433,-1.0348
42,-0.1454,-0.9671,1.0938,1.6809,0.1579,1.0451,0.606,0.6788,-0.2601,-1.2324,0.7884,2.0518,1.3233,-0.5162,-2.3147,-0.5768,0.1183,-0.6147,-1.0214,0.1404,-0.8319,0.6859,0.6919,-0.3188,0.5371,-1.2455,-0.2523,0.0696,1.1787,0.1813,0.1162,1.0545,0.4952,0.3011,1.0288,-0.8158,-1.0438,-0.1628,0.2047,0.2954,-0.5748,-0.701,-0.4798,-1.2783,-2.0077,-0.8611,-1.0203,0.4157,0.2442,-0.2451,-1.5568,-0.3402,-0.2838,0.6331,-0.21,1.2012,-0.107,1.6313,-0.7903,-1.9805,0.2601,-1.954,-1.7661,-0.4748,-0.1327,-0.7901,-0.8315,-2.5601,0.1019,-2.0948,-0.5962,-1.7499,1.5571,-0.1114,0.3546,1.2323,0.123,-2.1681,0.1463,-0.5789,0.1825,0.9313,-0.1362,0.1252,-0.4388,-0.4289,0.8584,-1.9922,0.8432,-1.4997,0.9955,0.6522,-0.005,-2.3207,0.8362,-0.8223,-0.6451,-0.1947,0.607,-1.1868
43,-1.5441,-1.5498,-0.4552,2.9503,-0.9545,0.3098,-0.6988,-0.8928,-0.4164,-1.4004,-0.8816,3.4862,0.4683,-0.3339,-0.2744,0.3068,-2.1371,-0.5864,-1.722,-0.1564,-0.2738,-0.7077,-0.2044,0.5358,-0.45,-1.8024,-0.3471,0.9226,0.1716,-0.4774,-1.3923,-1.372,-0.8345,0.6131,1.9523,-0.9088,-0.3407,-1.6099,-1.596,1.0457,0.0722,-0.5427,-1.3235,-2.6146,-1.9533,0.2036,-2.0628,-2.4102,0.7079,-1.1147,-0.9228,0.7653,-1.3883,-1.4122,-0.4904,-1.3859,-0.0822,0.9377,-1.2493,-1.9995,0.3582,0.2185,-1.37,-0.469,0.3395,-1.5091,-1.3688,-2.0883,-0.4622,-1.8754,-1.5091,-1.6988,0.3958,0.2361,-0.7129,0.2716,-0.2949,-0.5729,-0.0846,-0.1818,-0.1556,1.5972,-1.1078,0.8006,-0.1199,-0.7273,-1.5616,-2.3157,0.5092,-1.3871,-0.6804,0.1883,-1.0351,-0.7886,0.2054,-0.6037,-1.489,-0.0978,-0.8914,-0.7373
44,-1.1777,-1.4397,-1.0264,1.3504,-2.162,-0.0801,-3.2164,0.6017,-0.1003,-0.9091,-0.9734,1.5447,-2.5692,-1.9754,-0.2649,-1.5872,-0.814,-2.0456,-1.2073,-0.5185,-1.6409,-2.2027,-2.1946,-0.6806,-1.8885,-2.3455,-1.4952,1.0152,-0.4137,-2.4651,-0.2265,-1.6389,1.3031,0.7838,-0.5773,-1.974,-2.7091,-1.0747,-1.0972,-1.2549,-2.849,-2.3259,0.7463,-1.1731,0.9701,-1.9914,-1.9697,-0.3245,0.224,-2.9917,0.1253,1.1955,1.3868,0.8978,-0.3754,-2.9356,-0.2924,-0.326,-0.9334,-0.2231,-0.1295,-2.356,0.5199,0.1568,1.326,-0.2413,-1.449,0.6616,1.0021,-0.5351,-2.6679,-1.2403,-0.7379,-2.0923,-1.9583,-0.3813,0.1753,-2.9132,0.9898,0.6788,0.5499,1.2835,0.738,-0.3367,-1.9262,-1.9011,-0.8785,0.8986,-0.9462,-0.7228,-0.1684,-0.5802,0.8021,-0.4665,-0.6166,-0.0783,0.1745,0.4683,-1.6353,-0.0828
45,-1.0404,-1.0008,-0.5239,1.0469,-2.2009,0.1987,-0.3667,-0.1221,0.1451,-1.2201,-0.8771,1.3153,-1.8158,-1.6793,-1.6256,-1.9379,-0.4248,-1.2504,-1.5091,-0.1537,-1.1606,-0.2047,-0.3743,-1.2276,-0.7659,-2.0526,-2.0581,-0.6657,-0.724,0.8116,-0.1454,-1.8301,1.3969,0.6899,-1.5726,-1.6766,-1.9105,-0.5278,-0.9034,0.2332,0.6355,-0.7463,1.2829,-1.5274,-0.7232,-0.9061,-2.0062,-0.722,0.2169,-1.6235,-0.0888,1.2775,1.1252,0.6271,1.257,-2.3444,0.0101,-0.5375,0.5057,0.4525,-1.0421,1.3591,-1.249,-0.2854,-1.3996,-0.3065,-0.797,-1.4675,0.3849,-1.1987,-1.9966,-0.6882,-0.0013,-0.572,-2.0107,-0.2834,0.1875,-1.0084,0.6739,0.3624,0.7126,1.4982,-0.3542,0.6327,-1.814,-2.0114,-0.8785,-2.1362,-0.8618,-0.8153,-2.1354,-0.4452,0.1656,-0.2394,-0.5933,-0.7772,0.074,-0.2553,-1.3467,-1.3341
46,-0.8205,-1.597,-0.9125,2.1853,0.0347,0.4837,-1.09,0.7396,-0.5297,-1.152,-0.6044,2.0939,-1.0211,-1.4537,-0.7689,-1.2379,-0.8333,-1.1842,-1.4697,-0.0493,-0.9597,-0.9056,-1.2666,-0.9462,-1.179,-1.6291,-1.9498,-0.2055,-0.5138,-0.1219,0.3031,0.0564,1.3364,0.3559,-1.5512,-0.5217,-1.9456,-1.1777,-0.4187,-0.2768,-0.4149,-0.47,1.2037,-1.0175,-0.5642,-0.5845,-1.4828,0.189,-0.243,-1.9146,-0.3935,0.8073,1.3366,0.4443,0.1209,-2.3914,-0.315,-0.5795,-0.4032,0.498,-1.105,0.0256,-0.1037,-0.303,0.4091,-0.4694,-1.2218,-0.3022,1.1251,-0.9253,-1.931,-1.3988,-0.627,-1.8471,0.1836,-0.3157,0.1687,-3.1583,0.8769,-0.3346,0.7139,0.6842,-0.2983,-0.4616,-1.4788,-1.954,-0.1007,0.4763,-0.9256,-0.7077,-1.0255,-1.0233,-0.3435,-0.7154,-1.3186,-0.3705,2.0394,0.0062,-0.5433,-0.0167
47,-1.1457,-0.7255,-1.1809,-0.9602,-1.6069,-0.0098,-2.7839,1.3319,-0.5518,-0.3821,-0.3703,-1.3984,-2.3719,-1.5955,0.7245,-1.9228,-0.1937,-1.931,-0.6964,-0.097,-0.9899,-2.1362,-2.7364,-0.829,-2.6956,-2.0152,-2.5523,0.368,0.0812,-1.6777,0.5444,-1.8276,1.2182,0.5923,0.5314,-1.2827,-2.7211,-0.6626,-1.7126,-0.805,-2.9584,-1.7603,1.2503,-0.5964,1.1217,-2.1768,-1.6337,-0.2594,-0.4193,-1.497,-0.4095,0.8606,1.2279,1.3952,0.7999,-3.442,-0.6726,-0.077,-1.212,0.1589,0.0889,-2.6381,-0.8809,0.3561,0.8999,-0.1429,-0.5009,0.505,0.182,-0.1902,-2.274,-1.319,-1.322,-2.6105,-0.4334,-0.0404,0.1884,-0.6603,1.1648,0.1367,0.552,0.4579,0.072,-0.4309,-1.9449,-2.7091,-0.2351,0.293,-0.3731,-0.3166,-0.3818,-0.0706,0.1683,-0.7271,0.4025,-0.1912,1.0841,0.5817,-1.1221,-0.6888
48,-1.1096,-1.4045,-1.0046,-1.7293,-2.3351,-0.5497,-2.3666,1.1146,-1.1747,-0.7379,-1.1096,-1.5432,-2.8404,-0.9143,0.1154,-1.9597,-0.8077,-1.8534,-0.9808,0.423,-1.6687,-2.1303,-2.1568,-1.2563,-1.9555,-2.8422,-2.0683,-0.1,-0.5392,-1.8264,-0.3316,-1.0587,0.9091,0.7542,-1.2924,-1.4943,-2.4304,-1.461,-1.6724,-0.3551,-2.9059,-1.6139,1.2752,-1.0762,0.7766,-2.4248,-2.143,-1.4172,-0.5261,-1.3732,-0.7185,1.122,1.2548,1.4377,0.8974,-2.9337,0.2626,-0.0519,-0.4277,0.2456,0.1543,-2.6521,1.6328,-0.3339,1.4954,0.2039,-0.7544,0.3537,-0.1059,-0.1704,-2.2173,-1.3093,-1.2033,-1.722,-2.4113,0.1132,0.3739,-1.9393,1.0598,-0.9416,0.6511,-0.52,0.3733,-1.1504,-1.2303,-2.0818,-0.6484,-0.5873,-0.1884,-0.2817,-0.2253,-0.6779,0.1196,-0.6712,0.0551,-1.9372,0.7009,1.0054,-1.274,0.4274
49,-1.1845,0.1365,-1.0668,-3.3104,-1.9153,-0.4633,-1.7005,0.9202,-0.4552,-1.0633,-1.6215,-2.7822,-0.2225,-1.8313,-0.1878,-2.6395,-0.1569,-2.0691,-0.7311,-0.0446,-1.6079,-1.8905,-2.6956,-0.3408,-1.9863,-3.5649,-2.5047,-0.3792,0.0976,-1.832,0.1257,-1.2483,1.1069,-0.5404,-0.566,-1.4948,-3.7339,-0.8176,-1.6681,-0.5343,-3.0619,-1.5432,1.0286,-0.4894,0.7442,-3.0221,-1.7333,-1.5726,-0.3274,-1.2852,-0.6292,0.9512,0.8249,1.7239,0.7067,-4.6356,-0.2297,0.0392,0.0173,0.1944,0.6461,-0.4002,0.4718,-0.1472,0.8587,0.0271,0.7427,-0.3674,0.2429,-0.0398,-2.6228,-1.782,-0.485,-2.4396,-3.2114,-1.0963,-0.2913,-2.2396,0.7854,-0.3172,0.423,-0.658,-0.3725,-0.2933,-2.3936,-2.4925,-0.4809,0.7808,-1.4806,-0.6373,-0.2689,-0.3513,0.0782,-0.5693,0.1936,-1.3273,0.8402,0.1168,-2.8595,-0.2116
50,-0.8382,0.1909,-0.5125,-0.4813,-2.041,0.5777,-0.2663,-0.2323,-0.1351,-1.4961,-0.6077,0.585,-3.1749,-1.8055,-0.6613,-2.0972,0.3712,-1.2913,-1.682,-0.1008,-1.9194,-0.8819,-0.3325,-1.4714,-0.8329,-2.4781,-2.0651,-1.4073,-0.1247,1.1127,-0.1103,-1.0969,0.7955,0.2502,-0.8896,-1.5488,-2.8542,-0.3355,-1.0136,0.2766,0.249,-0.7822,1.2387,-1.1457,-0.6444,-1.7327,-2.3719,-1.2641,0.2965,-1.7154,0.0975,1.2232,0.6266,1.3273,0.866,-3.2728,-0.4377,-0.4726,0.5462,0.523,0.6812,1.4376,-1.4806,-0.2491,-2.0731,-0.5811,-0.23,-1.9661,0.349,-1.1868,-1.5635,-0.809,0.3812,-1.1138,-2.6339,-0.6304,0.1569,0.3502,0.8848,-0.4997,0.4571,1.3619,-1.1485,0.5691,-1.5779,-2.2759,-0.7783,-2.2055,-1.4983,-0.8208,-1.433,-0.5103,-0.0003,-0.3933,-0.357,-1.4627,0.5387,0.1244,-2.2046,-1.5269
51,-1.7071,-1.0561,-0.6804,0.4262,-2.5345,-1.1423,-2.0341,0.5087,-0.6616,-1.4925,-0.1801,1.654,-2.3006,-1.3171,0.0021,-1.8407,-0.8955,-1.8585,-2.5047,0.3098,-1.6852,-2.5084,-2.6736,-1.2609,-1.735,-2.4986,-1.6378,-1.0356,-0.9135,-2.3177,0.1797,-0.9784,0.8733,0.1867,-0.2134,-2.2481,-3.0428,-1.3209,-1.6571,0.0602,-2.7903,-1.8018,1.0939,-0.8716,0.7696,-4.8036,-1.6466,-0.4348,-0.5879,-2.7969,-0.563,1.0578,1.0559,1.2475,0.3927,-4.6152,0.2992,-0.8573,0.1692,0.3247,0.21,-1.8971,0.8134,0.3924,1.4952,0.7613,-1.1777,0.1302,0.0916,-0.1391,-2.3507,-1.7093,-0.6251,-2.0219,-1.5028,-0.8496,-0.2621,-3.1749,0.8183,-0.2455,0.8028,0.1737,-0.2244,-0.6943,-1.3911,-2.886,-0.5563,0.5728,-0.6824,-0.5147,-0.4231,-0.9655,0.3744,-1.6912,-0.7228,-2.3784,1.697,0.6499,-2.7288,0.6126
52,-0.7377,-0.2852,-1.0331,-1.6296,-1.3097,0.2782,-1.849,-0.0939,-0.4597,-1.3494,-1.481,-1.0008,-1.865,-1.6692,0.02,-1.8528,0.3517,-1.7187,-1.7487,0.6641,-1.1571,-2.5047,-2.0272,-1.0712,-1.782,-2.0472,-2.0565,-1.4567,-0.9558,0.511,-0.3356,-0.9792,-0.0742,-0.2524,-1.0648,-1.8389,-2.6971,-0.789,-1.2841,-0.859,0.3347,-1.9085,0.9346,-0.3533,0.7466,-3.0324,-1.8885,0.463,-0.0611,-0.7892,0.3708,0.9064,1.3621,1.2365,1.0985,-2.7774,0.4686,-0.0853,0.0619,0.188,0.5493,-0.5692,0.7602,0.0328,1.2729,0.2794,-1.4815,0.5366,-0.594,0.4814,-2.2711,-1.7344,-0.3611,-2.0526,-1.772,-0.5632,-0.2455,-1.5847,1.0962,-0.3683,0.2409,0.2811,0.1991,-0.5039,-1.0927,-1.9604,-0.5379,1.3918,-1.205,-0.2203,-0.704,-0.4521,-0.5052,-0.0112,-1.4828,-1.9463,1.5094,0.654,-2.4604,0.4846
53,-0.8174,-1.0416,-0.8237,0.4888,-2.0003,-1.0339,-2.2653,0.2503,-0.7392,-1.1897,-0.1332,1.0761,-0.8901,-1.0996,0.397,-0.6804,-0.9108,-1.8055,-2.4441,0.3708,-1.3907,-3.0386,-2.522,-0.4981,-1.6999,-1.9726,-2.0433,-0.8573,-0.1599,-2.4293,-0.06,-1.2272,0.9662,0.0401,-1.2809,-1.6529,-2.4002,-1.7608,-1.2399,-0.1994,-2.3741,-2.0242,0.7805,-0.3443,0.5349,-3.7942,-2.0167,-0.0865,0.204,-1.7048,0.7446,0.5421,1.1032,0.6555,0.3559,-3.7987,-0.6846,-0.2115,-0.4008,0.0398,0.4198,-1.794,1.1969,0.765,0.2256,0.1813,-1.4118,0.3976,0.2268,0.2643,-2.4091,-1.617,-0.4466,-1.7109,-3.4966,-0.408,0.2761,0.0462,0.5605,-0.3408,0.0888,-0.3963,-0.3845,-0.3318,-2.1295,-2.62,-0.8554,0.7582,-0.3511,-0.1992,-1.7964,-0.6753,0.0795,0.5389,-0.6149,-0.7976,0.1064,-0.1514,-0.4396,-0.4128
54,-0.7369,-0.0123,-1.398,-1.1044,-1.9711,-0.086,-0.9967,-0.5908,-0.6808,-1.791,-0.7363,-0.0395,-4.8409,-2.2046,-0.064,-2.2405,-0.4636,-2.025,-1.7187,0.6639,-1.5316,-2.7272,-3.5756,-1.4894,-0.223,-3.5791,-2.8595,-1.9262,0.2605,0.3798,-0.4718,-1.5078,0.4349,-0.5899,-1.5502,-1.7453,-2.8353,-1.2238,-0.6413,-0.1716,-0.7228,-3.2015,1.0069,-0.5155,0.3725,-2.7016,-1.9359,0.0628,0.2425,-0.5072,-0.4755,0.7589,0.8579,1.2406,1.0769,-3.7942,-0.2506,0.2264,0.1427,-0.0223,0.2051,-0.0636,0.5401,0.2975,1.4358,-0.3173,-0.9553,0.1773,0.2302,0.2023,-3.4022,-1.3042,-0.2535,-2.3881,-1.538,-0.689,0.2112,-1.141,1.2344,-0.2141,0.3261,0.3834,-0.1807,-0.2539,-3.327,-1.8573,-0.8018,1.4212,-2.1228,-0.7934,-0.074,-0.5093,-0.7052,-0.1113,-0.6307,-1.9011,1.3238,0.6176,-2.6173,0.0569
55,-1.3638,-1.051,-0.7529,-4.0009,-1.3436,0.0409,-1.4073,0.5922,-1.1292,-1.5649,-0.9383,-3.5579,0.0601,-1.1372,0.32,-1.9526,-0.7888,-1.5474,-1.8116,0.1697,-1.5432,-1.4069,-2.2137,-0.434,-1.4983,-0.916,-1.5292,-1.2961,-0.5494,-2.3549,1.0361,-0.7601,0.59,-0.1085,-0.939,-1.041,-2.9858,-1.5926,-1.8669,-1.5702,-2.5295,-1.5789,1.0282,-0.8694,1.3639,-2.522,-3.0705,-1.6215,0.5338,-1.3571,-0.1597,1.344,1.7826,0.9742,1.0455,-0.9296,0.4661,-0.5303,0.7009,-0.1295,0.654,-2.0628,-0.8025,-0.4391,1.5157,0.4378,-1.1154,-0.2949,0.2933,-0.5251,-2.2293,-1.322,-0.5239,-2.6311,-3.3354,-0.6964,-0.1806,-2.5876,1.0153,-0.9274,0.5292,1.0913,0.0137,-0.4631,-1.4196,-1.7904,-0.0096,-3.2493,-1.8985,-0.4782,-0.2439,-0.2328,0.5634,-0.7781,-0.8294,-1.9207,0.7996,-1.212,-2.0265,-0.0347
56,-2.3361,-1.0966,-0.5508,-2.1244,-2.1261,-0.8178,-2.6353,-0.2154,-1.1178,-2.2907,-2.5408,-2.1413,-1.9762,-2.5245,-1.8598,-2.0418,-2.8842,-1.4597,-2.4651,-1.481,-1.372,-2.5108,-1.9435,1.0416,-1.6471,-2.5108,-2.8771,0.0017,-2.3805,1.5307,0.0024,-1.7356,-1.9255,-2.7016,1.414,-1.8971,-2.0778,-1.3887,-1.9519,-2.0395,0.8999,-1.2805,-1.2097,-2.0204,-2.1857,0.8733,-2.551,-1.2708,-1.94,-2.5718,-1.7005,1.4163,-2.2916,-0.361,-1.8165,-2.6971,-2.1354,-1.1764,-2.3167,-0.6728,-0.0369,-2.2027,-2.3914,-2.0395,-1.6291,-1.0694,1.1671,-2.3238,-1.6109,1.1698,0.3439,-0.082,-1.1751,-2.2857,-2.6437,-1.8433,-0.9061,-0.2973,-0.7576,0.0907,-0.2644,-1.8313,-0.8682,-1.8214,-2.3581,-2.2219,-1.9625,-2.0356,-3.673,-2.5121,-1.9783,-1.9386,-2.6132,-1.4541,-1.6054,-3.2888,-0.2063,-1.9085,-2.4396,-0.6792
57,-1.0172,-1.085,-0.9576,-1.8715,-2.2547,-0.9943,-2.5744,-0.8449,-0.78,-2.2759,-2.1286,-1.6777,-2.0931,-2.132,-1.9456,-1.5717,-2.6507,-1.0892,-2.4546,-1.3976,-1.5906,-2.522,-1.5292,1.2756,-1.9463,-0.5428,-2.8878,-0.471,-2.2396,0.5525,-0.0512,-1.9187,-2.1884,-1.8477,0.114,-1.9769,-1.6497,-1.1783,-1.8826,-2.2789,0.0406,-2.3086,-1.8965,-1.9421,-2.1611,-1.731,-1.9421,-1.9065,-1.0518,-2.9022,-2.4628,1.5442,-1.5201,-0.5067,-1.206,-1.5498,-1.9018,-0.3849,-2.0964,-0.648,0.0167,-1.8945,-2.0487,-1.8585,-1.0038,-2.9508,1.7385,-2.2275,-1.6644,-0.298,0.8247,0.202,-0.5312,-1.4688,-2.2519,-1.8024,-0.7419,-0.5814,-0.4739,-0.0312,-0.5708,-1.4094,-0.5864,-1.4159,-2.1733,-2.4068,-1.0584,-2.2721,-4.0745,-2.655,-1.6518,-0.983,-2.4035,-0.7409,-1.4749,-2.9243,-1.3171,-1.2154,-2.1295,-0.9587
58,-0.8524,-1.3959,-0.2601,-2.2247,-2.6479,-0.3863,-2.7318,0.2583,0.0293,-2.4781,-2.2828,-1.7898,-1.9625,-1.674,-1.7994,-1.9058,-2.7599,-1.3168,-2.2779,-0.8524,-1.2528,-2.4191,-1.772,1.1531,-1.9512,0.3073,-2.7489,0.241,-2.5601,1.3215,-0.0227,-1.5082,-2.4135,-2.4418,1.1017,-1.7556,-1.5498,-1.2221,-1.8547,-1.6655,0.832,-2.2907,-2.2405,-2.0964,-2.21,-0.3743,-2.4853,-1.624,-0.9686,-2.7871,-2.3036,1.1434,-1.3444,-0.9881,-2.33,-2.4407,-2.2146,-0.5231,-2.2266,-0.4012,-0.1109,-2.373,-2.1062,-2.1078,-1.1852,-1.832,1.2027,-1.9929,-2.0691,0.9936,0.8446,-0.4084,-0.8124,-1.6576,-2.2349,-2.3006,-0.7943,-0.2042,-0.6624,0.5391,-0.1024,-2.2907,-0.7925,-1.1651,-2.3655,-1.6644,-0.0954,-1.9352,-3.6691,-2.0495,-2.2547,-1.9995,-2.7871,-1.1498,-1.6276,-3.2239,-0.6116,-1.3645,-1.8055,-0.6466
59,-1.7499,-0.8477,-0.7985,-1.751,-1.8171,-0.1537,-2.4304,-0.2393,-1.0205,-1.0966,-2.4236,-1.0233,-2.4202,-1.8363,-1.8734,-1.832,-2.5731,-1.4271,-2.1169,-1.2334,-1.655,-2.1875,-2.1585,0.8142,-2.2721,-1.7702,-2.1178,-0.7152,-2.025,1.2662,-0.3716,-1.6518,-1.9065,-2.183,1.1427,-1.6435,-1.7892,-1.2751,-2.0988,-1.16,0.6938,-1.3521,-0.3738,-2.3279,-1.9241,-0.2317,-1.6934,-1.2567,-2.6838,-2.5692,-2.2434,1.2987,-1.6296,-0.8065,-1.1584,-2.6809,-2.0257,-0.4721,-2.1875,-0.1513,-0.1506,-1.6482,-1.5818,-1.7087,-1.4036,-2.8319,0.7251,-1.3383,-0.4354,0.6915,0.1861,0.0728,-1.5137,-1.8006,-2.0287,-1.9025,-1.0727,0.7378,-0.082,0.2956,-0.1432,-2.0114,-0.5506,-1.1298,-2.0182,-2.3259,-1.3748,-2.077,-3.7255,-1.4533,-1.7655,-2.2201,-2.2828,-0.77,-1.7714,-2.7985,0.0202,-1.5882,-1.4537,-0.7916
60,-1.8036,-0.6358,-0.5598,-2.2481,-2.9394,-0.9511,-2.4663,0.5601,0.1346,-2.4557,-2.8336,-2.3465,-2.6536,-1.2225,-0.6712,-1.747,-2.6941,-1.8786,-2.4135,-0.5632,-1.2358,-1.7767,-2.2229,0.8751,-2.1379,-1.3478,-2.4781,0.5568,-2.0834,1.0266,-0.1026,-0.6597,-2.221,-1.6529,0.7853,-1.4627,-2.0472,-1.2634,-1.5654,-0.664,0.5968,-1.3943,-0.9997,-1.3915,-1.8079,-0.9429,-2.1345,-2.3036,-1.2076,-1.7176,-3.0835,1.355,-1.9255,-0.0813,-1.931,-1.9269,-2.2509,0.451,-1.7597,-0.3212,0.216,-1.7988,-1.4824,-1.8326,-0.7518,-1.5432,0.9651,-2.4913,-2.176,0.1491,1.3212,0.6746,0.1118,-1.6858,-2.6146,-1.8239,-1.1276,0.6507,0.9435,-1.0365,-0.7813,-2.176,-1.9834,-0.9779,-2.0456,-2.0883,-0.493,-2.9917,-3.3962,-1.2514,-1.6988,-0.8694,-2.2247,-1.1987,-0.3457,-2.8151,-0.7409,-1.9393,-2.0589,-0.3719
61,-1.0847,-1.1047,-0.7028,-3.1821,-2.3056,0.0869,-2.9114,0.3161,-0.2476,-1.6049,-2.9977,-1.9929,-3.1123,-0.8262,-0.9183,-1.5306,-2.6795,-2.0287,-2.2349,-0.9276,-1.4267,-2.4384,-2.6479,0.3865,-2.87,-2.8285,-2.0534,-0.4722,-2.2073,1.0293,0.0412,-1.7533,-0.8063,-1.6576,0.6119,-1.665,-2.3392,-1.6286,-1.9683,-1.1561,1.3249,-1.3595,-1.2961,-1.8885,-2.221,0.459,-2.2472,-1.6634,-1.6842,-1.6145,-2.8986,1.0573,-0.3046,0.0353,-1.8103,-2.8932,-2.849,-0.5449,-1.576,-0.5332,-0.0529,-2.5614,-2.025,-2.2229,-1.8971,-1.929,1.1773,-2.3372,-1.8226,0.4815,0.8088,0.2389,-1.3239,-1.6671,-2.3248,-1.6863,-0.9362,1.1864,0.1692,-0.7533,0.0689,-0.7156,-1.597,-1.2719,-1.2036,-2.9565,-0.7932,-3.0221,-2.5536,-1.8152,-1.7916,-1.4593,-2.0295,-1.2648,-0.626,-3.3326,-0.6589,-2.0479,-2.0418,-0.8618
62,-2.7046,-1.3127,-0.1239,-2.2453,-2.7952,-0.7358,-3.2754,-0.4006,-0.7044,-1.837,-2.1919,-1.8958,-2.6882,-0.8642,-1.2903,-1.4049,-3.0428,-1.7126,-2.6751,-0.8486,-1.7655,-2.2009,-1.4355,0.8347,-2.3497,-0.8366,-2.3086,-1.644,-2.8268,1.4149,0.3252,-1.2961,-2.9337,-1.7632,0.0515,-1.735,-2.0204,-1.7087,-1.8357,-1.053,1.0722,-1.6482,-2.0923,-1.682,-2.0915,0.6439,-2.6693,-1.5985,-2.2586,-1.4143,-3.2468,1.1769,-1.3525,-0.264,-2.5849,-2.9604,-2.6956,-0.5117,-2.1396,-0.7875,-1.0724,-2.2192,-1.7076,-2.7985,-1.998,-2.8353,1.4043,-1.7344,-2.4079,1.3305,0.6125,0.9918,-1.0197,-1.8122,-1.2783,-1.5688,-0.234,1.1908,0.0494,0.4604,0.5723,-3.0555,-0.626,-1.4041,-1.0186,-2.945,-0.8526,-2.5943,-2.0303,-1.3525,-1.7487,-1.9892,-2.2907,-1.207,-1.3269,-2.8218,-1.4714,-2.4877,-2.1136,-0.7495
63,-1.9428,-2.0534,-1.0762,-2.3752,-2.6367,-0.8287,-2.8771,-0.983,-0.6751,-1.8202,-2.532,-1.7796,-3.2089,-1.4939,-1.1202,-2.0114,-2.6228,-1.931,-2.3871,-0.4897,-2.1178,-2.0956,-2.1663,0.7992,-2.3207,-2.427,-3.0078,-1.9194,-2.7903,1.8244,0.4772,-0.6533,-2.7442,-1.159,0.3081,-1.7964,-2.1354,-1.7522,-1.644,-0.7012,1.8329,-2.2247,-2.0762,-2.1955,-1.8295,-0.4797,-3.1583,-1.7115,-1.1463,-1.0874,-3.4933,1.5915,-1.8573,-0.9755,-0.6532,-0.3429,-2.2779,-0.3053,-1.5046,-0.2594,-0.9504,-2.2877,-1.3907,-2.0387,-1.7522,-2.1456,0.932,-1.722,-3.1258,0.9301,0.2856,0.3305,-1.4176,-1.6607,-2.0182,-2.3167,-0.8237,0.8863,-0.0546,0.1041,0.5986,-3.2239,-0.7361,-0.9553,-1.1382,-2.532,-0.5418,-2.6339,-2.5434,-1.6195,-1.7204,-1.9958,-2.4734,-1.2758,-1.5123,-2.2701,-0.8407,-2.0715,-2.4841,-0.4053
