Sample,1388,544,245,1954,186,1318,106,1644,1953,1707,2049,866,1193,508,1002,553,128,565,2045,1887,1073,1,841,1157,606,2161,1798,1979,1352,2021,337,1895,152,574,1722,2158,602,1705,741,173,1914,1600,2302,1607,1771,1830,2197,325,1931,1923,250,718,818,229,1054,1065,1294,755,1092,254,1654,822,1083,760,950,399,909,421,432,168,1612,1206,1109,2143,367,975,181,1885,1426,1910,1883,654,1523,1661,752,787,850,1990,2252,436,1576,416,878,2208,1158,936,2202,1081,0,235,845,1104,122,32,1913,1763,165,2229,1326,334,324,234,73,1893,1226,1012,1803,107,1973,1794,379,835,1774,265,2198,255,28,1745,798,1329,1496,1371,2216,2046,1726,1767,1262,164,449,335,1833,819,589,145,1297,228,2116,1578,656,1737,714,1021,1433,2234,570,611,860,468,543,1881,377,187,1488,216,1769,1485,1020,2098,1141,1072,1625,26,531,267,969,1796,1186,1253,1300,1220,140,1197,1672,779,247,84,2300,517,1699,2275,276,1915,1492,243,1802,1005,2082,429,649,987
1,1.1831,0.7802,1.6047,-1.0604,-3.4265,1.5368,-2.6118,0.9098,0.3829,0.1357,-4.6356,-1.1084,-2.9469,-1.8445,-3.2315,-1.8502,-2.763,0.0346,-2.0518,-1.7232,1.1002,-2.4384,1.5536,-1.1593,-0.8744,-0.308,-1.8971,0.5547,-1.0797,0.1772,-0.8219,-1.6281,-0.5899,0.2814,-2.6693,-2.6882,-3.0139,-1.1819,0.7311,-3.327,-2.0234,0.0876,-0.4636,0.6386,0.5389,-0.3888,0.1827,-0.7199,-0.1429,-3.1396,-0.6816,-1.0812,-2.1087,-1.7928,-2.5295,1.1657,-0.9063,-1.0473,0.954,-1.5146,-0.5581,-1.576,-0.2558,-0.2133,1.1957,-1.2521,-1.2773,0.345,-2.6297,-2.149,-1.4168,-1.6296,-0.5882,-2.3497,-1.1111,0.3246,-0.4262,-0.702,-1.1249,-3.1725,-2.2182,-1.7499,-0.3699,-1.2198,-1.4147,0.8407,-0.1328,-1.1298,-1.6586,-2.0402,-1.1354,-0.699,-1.2296,-2.517,-0.7595,0.3592,-2.3903,-1.6923,0.7733,0.0012,-3.8032,0.1214,-1.4225,-3.1845,-0.0354,-1.4184,-0.8349,-0.5723,0.9125,-0.1663,-1.3337,-1.032,-1.1555,0.8278,1.0538,-2.2818,-1.8702,-1.6565,-1.4,-1.0134,-2.2321,-1.8695,-2.1594,-0.0604,-1.4081,-1.1002,-0.7129,-1.5794,-1.2372,-0.4907,1.2219,0.846,-0.8526,-1.4305,-0.0722,-2.5562,-4.2199,-1.1289,-0.4463,1.0834,-1.8585,-0.2784,-1.3409,-0.9737,-1.8458,-3.0366,0.5787,-1.3417,0.0747,-1.278,-0.9571,-0.5435,-0.6201,0.2404,0.357,-1.2208,-1.3959,0.3261,0.9376,-4.9618,-1.1053,-2.7349,0.1883,-2.9041,-0.5122,-0.2185,1.7878,0.1295,-0.3698,-0.6862,-1.0665,0.0536,-0.0051,-0.9692,-1.8669,-0.2024,-1.722,-1.8585,-1.153,0.0733,-0.4458,-2.6664,-0.8486,-1.5128,0.5256,-1.8433,-1.6602,-1.8985,-0.9327,-0.078,-1.1108,-3.6119,-3.755,-1.4049,-4.0174,-0.9548,-0.7681,1.1297,0.0087,-0.8472
2,0.5451,1.0727,0.7925,-1.1135,-2.3613,0.6934,0.8555,0.129,1.0916,-1.3475,-1.3567,-1.8357,-1.5921,-1.6994,-2.2946,-1.598,-2.2643,-1.241,-3.0078,-1.1667,0.8446,-2.4158,1.7325,-0.8512,-0.0885,-0.0399,-1.9791,0.3279,-0.9044,0.8189,-1.2758,-1.7649,0.1203,-0.3858,-2.9838,-1.6312,-1.3638,-1.1832,0.3808,-2.8184,-2.2926,-0.7919,0.0348,0.5244,0.5092,1.7953,-1.597,-0.0399,0.2727,-2.1524,-0.7321,-0.8576,-3.2728,-2.0495,-2.0948,0.2191,-0.8682,-0.4555,1.6754,-1.701,-1.4537,-0.4286,-1.1351,-0.2853,0.3703,-1.372,-0.2969,0.7178,-2.3623,-2.6173,-0.1722,-0.7523,-2.5345,-1.0636,-0.5651,-0.3431,-0.8689,-0.4966,0.2766,-2.87,-1.1286,-1.3375,-0.4644,-0.8214,-1.1934,0.5046,0.2617,-0.07,-0.9832,-1.3383,-0.9421,-2.4793,-1.2726,-1.5353,-0.6029,-0.2873,-1.5664,-1.0765,-0.0782,-2.7242,-3.0835,-2.8319,-1.8598,-2.1795,-0.0141,-1.6049,-0.0477,1.167,0.5938,-0.3517,-1.7591,-3.0058,-1.6607,0.6105,-1.7655,-1.8579,-1.4431,-2.3046,-1.3467,-1.3799,-0.6015,-0.4274,-1.6917,0.1503,-1.319,-0.8875,-0.6319,-0.9478,-0.9553,-0.4418,0.0079,0.8238,-0.2963,-1.4541,-1.3034,-1.2518,-3.3962,0.4272,-0.3494,0.841,-1.7016,0.0867,-1.0214,-1.1747,-0.0716,-2.33,0.4127,-0.5754,-0.8047,-1.3911,-1.2511,0.2798,-1.3001,-1.3996,0.7408,-1.6307,-0.9058,0.3985,0.2367,-2.9356,-0.5588,-0.9093,-0.9668,-2.3539,0.0403,-0.7569,1.7833,-0.6244,0.9355,-0.0293,0.4063,-0.4447,-0.6537,0.2458,-0.7238,-0.4483,-0.8192,-1.554,-0.6451,-0.6722,-0.688,-1.4452,-1.153,-0.9256,0.8173,-0.5847,-0.8363,-2.8235,-0.5045,0.4497,-1.4271,-2.8968,-2.1821,-0.5628,-3.2728,-0.5626,-1.4988,0.7903,0.1008,-0.4199
3,-0.7044,1.3342,1.5527,-0.8948,-2.2595,1.3106,-0.3792,0.7381,0.9684,-0.9486,-2.9225,-1.772,-2.7076,-1.4788,-2.1542,-1.6896,-2.0503,1.0147,-2.972,-1.2694,0.8007,-1.6497,1.4547,-0.473,-0.5679,-1.0413,-2.0667,0.526,-1.4376,-0.0497,-1.7796,-1.7176,-0.5125,-1.0579,-2.1982,-2.0931,-0.9281,-1.5936,-0.2871,-3.0555,-0.7664,0.7541,-0.6787,0.2364,-0.1394,1.5967,-1.0261,0.5398,-0.0176,-1.2003,-1.3556,-0.3002,-2.7678,-0.2681,-1.2056,0.4266,-0.4529,-0.5487,1.0914,-1.2563,-1.6745,-0.6522,-1.3356,-0.7428,1.1887,-0.6375,-0.2886,0.1239,-2.7272,-0.192,-1.1983,-1.199,-2.4581,-1.8905,-0.3832,0.0529,-0.8533,-1.176,0.1036,-2.8824,-1.3001,-1.1796,-0.4563,-1.485,-1.0211,0.2652,1.3273,0.0045,-2.1178,-0.8297,-0.4535,-2.0441,-1.1764,-0.98,0.1511,-0.1584,-1.0032,-0.8879,-0.0845,-2.0062,-2.2857,-2.0612,-2.1161,-2.1447,0.2479,-0.4869,-0.453,0.658,0.2606,-0.5859,-1.2171,-1.059,-0.8246,0.6295,1.2681,-2.0549,-1.4983,-2.0542,-1.4405,-0.5353,-0.6037,-0.56,-1.9827,0.5752,-1.202,0.1943,-0.508,-1.2225,-1.471,-0.9203,0.4342,0.7032,0.2466,-1.8643,-1.4028,-2.0047,-3.1749,-0.1342,-0.1402,0.5743,-0.8926,0.7337,-1.194,0.8537,-0.0494,-2.0144,1.5079,-0.7392,-1.7176,-1.1227,-1.2644,-1.2986,-1.4238,-1.2157,0.7345,-1.361,-1.3736,1.5816,-1.0427,-3.1559,-0.7346,-0.5768,-0.3285,-2.9375,0.1063,-0.4563,1.3475,0.0942,-1.1874,0.3341,1.3917,-0.1308,-0.2144,-0.164,-0.6603,0.0792,-1.7198,-1.4593,-0.3779,-0.4827,-0.4062,-1.7898,-0.4047,-1.4397,0.2816,-1.0507,-1.0599,-2.5059,-0.311,-0.0058,-1.5441,-2.5863,-2.3602,-1.0158,-3.1281,-0.46,-2.1884,0.6138,-0.3574,-0.1613
4,0.8531,0.9006,1.1358,-0.6309,-2.2711,0.2858,-0.1529,1.008,1.0247,0.0668,-2.4259,-1.2954,-1.772,-1.198,-2.2192,-1.7048,-2.2595,0.0471,-0.0396,-0.3124,0.294,-2.3805,1.0372,-0.537,0.1671,-0.391,-0.9832,-0.3067,-0.5413,0.9764,-0.772,-1.7137,-0.5209,-0.0984,-1.9221,-1.6005,0.0761,-1.2954,-0.8278,-1.4486,-1.5526,-0.3601,0.1633,0.7976,0.6662,0.0402,-0.4977,-0.5175,0.9331,-1.9863,-1.2262,0.4951,-0.9198,-1.2899,-2.2692,1.0547,-0.3969,-0.111,1.0698,-1.6576,-0.6927,-0.4283,-0.1406,0.4322,0.5124,0.1654,0.1212,0.1915,-2.6269,-2.4407,-0.6718,-1.9345,-1.2581,-0.8185,-0.697,0.3614,-0.1414,0.1657,-0.3944,-2.1507,-1.5664,-0.9414,0.276,-0.6651,-0.5496,0.7242,-0.0413,-1.3819,-0.777,-1.4041,-1.208,-0.0292,-0.7331,-1.2917,-0.1572,1.0403,-1.1111,-0.2744,0.9656,-0.1417,-1.0823,-0.1822,-1.1041,0.7229,-1.2567,-2.2109,-0.0029,-0.5541,1.0208,-0.4665,-0.7004,0.0764,-2.2434,0.999,-1.4554,-1.2884,-0.6646,-0.7916,-0.8785,-0.2702,-1.1901,-0.9414,-1.7037,0.0489,-1.0208,-0.9223,0.0741,-0.4154,-1.5693,-0.9806,0.8316,0.4586,-0.5052,-1.167,0.5702,-1.1032,-2.3392,-1.0625,-0.1733,0.7718,-1.7021,-0.7881,-0.2904,-0.6205,-1.7137,-1.2783,0.0554,-1.5173,0.122,-0.4604,-0.4622,-0.7409,-0.7356,-0.3882,0.1167,-1.3951,-0.8023,1.0381,0.0701,-1.8061,-0.8751,-0.5928,0.7057,-1.9421,-0.3778,0.5053,0.9496,0.6755,-0.7085,-0.5379,0.4655,0.3163,-0.6779,-0.7894,-0.5809,-0.9473,-0.789,-1.6972,-1.9604,0.0205,-0.2146,-2.1379,-1.3075,-1.1014,0.2505,-0.585,-1.8931,-0.9125,-0.3349,-0.264,-0.0322,-2.5983,-2.501,-1.7159,-2.2349,-0.939,0.3561,1.1047,0.2202,-0.3975
5,1.399,1.1906,1.2591,-0.8953,-2.0003,0.4091,0.4368,0.6137,0.833,-0.274,-2.8914,-2.6927,-1.9929,-1.974,-1.5399,-1.1874,-1.5906,-0.4496,-2.1422,-1.232,0.9985,-1.7288,0.7276,-0.1748,0.4919,-1.4997,-1.4342,0.4714,-1.2712,-0.8699,-0.7752,-1.1987,-0.8124,-0.216,-1.8695,-1.1686,-1.2198,-1.2211,-0.1772,-2.2481,-1.6788,-1.8006,0.3688,0.5084,0.3234,-0.0815,-0.7367,0.1145,1.0229,-1.9951,0.0884,0.8814,-0.4663,-1.0079,-0.9902,0.3784,-0.0586,0.171,1.2573,-2.2916,-0.8802,-1.4448,0.3958,0.295,0.9865,-1.0433,-0.7436,-0.1098,-1.9618,0.0626,-0.9943,-1.051,-1.2083,-1.9555,0.2363,-0.061,-0.0413,0.2184,-0.0769,-1.8202,-1.3634,-1.1545,0.339,-1.471,-1.2841,0.3038,-0.2828,-0.6457,-0.0358,-1.8426,-0.1066,-0.4649,-0.8005,-1.5592,-1.2066,0.5869,-0.6396,-1.2259,0.0757,0.3985,-1.5775,-0.4571,-0.6747,-2.2462,0.11,-1.6005,-0.5444,0.8493,1.0007,-0.8945,-0.5763,0.0392,-1.1786,0.6056,0.6966,-1.539,-0.8493,-1.9477,-1.257,0.4422,-0.1779,-1.322,-1.5833,1.0213,-1.3049,-0.7164,-0.0638,-1.4697,-1.722,0.1018,1.0415,0.8587,-1.1924,-1.4705,-1.5712,-1.6099,-2.2359,-0.501,-0.9902,1.1649,-1.4325,0.4451,-1.3887,-0.7,-0.0499,-1.7293,1.0875,-0.8482,-0.1872,0.2582,-0.7453,-1.5775,-0.6749,-1.0095,0.084,-1.8747,-1.1874,0.4849,1.0775,-2.5679,-0.6808,-0.3585,0.5876,-2.062,-0.0305,-1.2201,0.8927,-0.5747,0.0388,-0.4987,0.7435,0.7883,0.9131,-0.605,-0.5055,-0.1651,-1.3292,-0.7696,0.65,-0.6607,-0.5014,-1.1907,0.117,-1.2525,0.0476,-1.8951,-2.274,-1.5128,0.5154,-0.9203,-0.6474,-1.7904,-1.9099,0.4504,-2.7936,-1.273,-1.695,1.0624,0.3241,0.1999
6,1.6513,1.9094,1.8,-0.7809,-2.8771,0.6738,1.6876,0.297,1.5035,-1.497,-2.0651,-1.3379,-2.2721,-2.4384,-1.5765,-1.7773,-1.8061,1.5918,-2.0182,-0.3004,1.3521,-2.8753,0.2946,-0.7327,0.0695,-0.0351,-1.9849,0.8798,-1.2448,0.2601,-1.2252,-1.6703,0.1371,-0.8167,-2.1893,-1.772,-2.2818,-1.5941,-0.1533,-1.8728,-1.3618,-1.2723,0.3901,-0.1183,-0.6747,0.0096,0.4372,-0.1918,0.9333,-2.1186,-0.275,0.3131,-0.9051,-1.2715,-2.1742,0.8089,-0.9663,0.13,0.5147,-1.3486,-0.4678,0.051,0.4743,-0.7514,0.9424,-0.4225,0.4022,0.0971,-2.3392,-1.3246,-1.4503,-0.663,-0.7767,-1.8734,-0.8594,0.4671,-1.5141,0.0993,-0.1065,-1.8898,-0.551,-1.7614,0.2038,-1.3038,-1.2444,-0.5579,0.0666,0.1471,-1.1273,-1.9951,-0.4008,-0.1432,-0.6037,-1.07,-0.5175,1.4255,-0.9208,-0.7696,0.4588,0.945,-2.1186,-1.2154,-2.0495,-2.6479,-0.8322,-1.0342,-1.1075,0.9024,1.2349,-1.6451,-1.0856,-0.8345,-1.2448,0.8432,1.5083,-1.2133,-0.5937,-1.1934,-1.2076,-0.1315,-0.7655,-2.0197,-1.8682,0.1571,-1.6261,0.4335,-1.7779,-1.3634,-1.0948,0.1864,0.5857,1.1427,-0.88,-0.7672,-0.9862,-1.6697,-2.1413,-0.7636,0.3114,0.4045,-0.8447,0.1628,-0.74,-0.0192,-0.6072,-1.0453,0.6235,-1.1026,-0.6582,-0.9447,-0.1248,-1.9973,-0.809,-1.616,0.0303,-0.9851,-1.5955,1.7545,0.7714,-2.6214,-0.8742,0.0698,1.0645,-2.0054,-0.998,-0.8665,0.2839,-1.0413,-0.405,-0.8106,0.2887,-0.6417,-0.6294,-0.9096,-0.3917,-0.6406,-0.9584,-0.4894,-1.2293,-1.4469,-0.663,-0.8661,-0.3722,-1.4903,-0.3159,-1.2733,-1.546,-1.176,-0.2057,-0.6892,-1.0342,-1.8721,-2.0303,-1.0217,-2.6824,-0.3993,-2.7242,0.4564,-0.1571,-1.2762
7,1.5078,2.0028,1.7051,-0.6706,-3.0683,-0.8754,-0.2369,-1.1526,1.2173,-0.1738,-2.9779,-2.6423,-1.9995,-2.0152,-1.8351,-1.9936,-2.0364,0.4696,-2.7227,-1.2144,1.4783,-1.624,0.8827,-0.0898,0.9991,-1.2773,-2.7395,0.7894,-1.2884,-1.6353,-2.1161,-1.9907,-0.3947,-1.1822,-2.0495,-2.2462,-2.0265,-1.3947,0.4155,-2.1178,-1.1255,-2.249,0.3807,0.0465,0.9719,-0.7916,-0.1759,1.7074,1.2806,-2.6132,-0.9916,-0.0945,-0.4111,-0.3317,-0.206,0.199,-0.376,0.4513,0.4858,-2.1303,-1.6266,-1.015,-0.1974,0.1456,0.7188,-1.7826,-0.4116,-0.0563,-1.6804,-1.682,-0.3346,0.0719,-1.241,-2.5145,0.2338,-0.3314,-0.7705,0.7131,-0.4822,-1.8509,-2.4316,-2.1286,-1.2016,-2.2303,-1.0642,-0.2588,-0.3442,-2.0152,-1.2204,-2.5575,-0.2253,-0.6706,-0.9195,-2.249,-0.2302,1.0447,-1.068,-0.1303,0.0671,-0.6708,-1.7021,-1.1413,-1.1011,-1.0057,-0.3744,-1.5775,-0.7608,0.3523,1.5601,-0.9118,-2.0159,-0.5254,-1.7856,0.5982,1.6809,-1.4662,-1.7603,-1.8183,-1.1993,0.6422,0.0985,-1.2855,-1.6005,-0.057,-1.1654,-0.6533,-1.7447,-1.8233,-0.5285,-0.6413,1.0947,1.7425,-2.3741,-1.5418,-0.829,-2.0174,-1.7487,0.0771,-0.0364,1.6715,-1.1038,-0.2272,-1.1881,-1.309,1.3298,-1.8282,1.2427,-1.287,-0.2743,0.172,-1.2812,-1.3086,-1.001,-1.7435,-0.1819,-1.99,-1.7187,1.538,0.8751,-2.7151,-0.4376,0.3278,0.7427,-2.763,0.1261,-0.6225,0.5135,-0.7504,-0.9317,-0.2887,1.8014,-1.1891,0.0118,-0.6568,-0.9158,-0.4702,-0.2177,-1.2455,-0.1556,-0.8435,-1.1718,-2.0017,-0.4182,-1.5549,-0.2646,-0.3022,-1.7131,-1.8812,0.3302,-0.85,-0.5454,-2.2663,-2.8353,-0.2621,-2.6838,-1.0016,-3.49,0.7043,0.6002,-0.3365
8,1.6669,1.2044,1.4906,-0.9312,-2.1062,0.3449,0.4046,0.5546,0.7854,-0.3855,-2.9225,-2.7181,-2.031,-2.051,-1.6079,-1.25,-1.6414,-0.5421,-2.2349,-1.2928,1.1036,-1.7952,0.7069,-0.211,0.4315,-1.6054,-1.5024,0.3835,-1.3198,-0.9281,-0.8176,-1.231,-0.8761,-0.2503,-1.9221,-1.1829,-1.3082,-1.3045,-0.2107,-2.273,-1.7868,-1.8171,0.3456,0.4507,0.3743,-0.1907,-0.8656,0.0412,1.2573,-2.0931,0.0081,1.0862,-0.5118,-0.9569,-1.0339,0.3817,-0.074,0.2279,1.3864,-2.1611,-0.9026,-1.474,0.3574,0.181,1.0168,-1.1008,-0.7572,-0.1262,-2.0464,-0.0691,-1.0297,-1.1635,-1.2637,-2.0707,0.1323,-0.1196,-0.0685,0.1615,-0.1162,-1.8945,-1.5078,-1.2046,0.2721,-1.4868,-1.2994,0.1992,-0.3053,-0.6667,-0.0988,-1.9221,-0.176,-0.5442,-0.8564,-1.624,-1.179,0.5152,-0.662,-1.2154,0.0941,0.3067,-1.6235,-0.4499,-0.7024,-2.2711,0.0322,-1.7142,-0.6539,0.7832,1.1704,-0.9411,-0.6607,-0.0635,-1.283,0.4999,0.5086,-1.5001,-0.8901,-2.0379,-1.2563,0.4062,-0.2505,-1.4085,-1.6634,1.014,-1.3839,-0.686,-0.0992,-1.5559,-1.8566,0.0154,1.2474,1.0241,-1.2666,-1.5669,-1.643,-1.7016,-2.3403,-0.5759,-1.0718,1.3387,-1.4537,0.3358,-1.4431,-0.7323,-0.1412,-1.8338,1.1151,-0.965,-0.2713,0.2396,-0.7284,-1.5673,-0.7183,-1.0142,-0.0236,-1.9747,-1.249,0.4263,1.1711,-2.6091,-0.7868,-0.3594,0.5435,-2.1628,-0.1318,-1.2637,0.9376,-0.6539,-0.0388,-0.5319,0.7309,0.7361,0.6974,-0.6759,-0.5759,-0.2129,-1.3567,-0.8104,0.4822,-0.6724,-0.5614,-1.25,0.0079,-1.3116,-0.0304,-1.9255,-2.2692,-1.5664,0.449,-0.9737,-0.7263,-1.916,-1.9726,0.4006,-2.886,-1.3843,-1.8414,1.1088,0.199,0.1013
9,1.1961,1.134,1.0022,-0.2318,-2.8682,-1.9878,-0.5112,0.1801,0.4461,-0.8088,-3.4999,-2.7227,-1.9988,-2.2509,-2.0349,-1.2504,-2.3382,-0.5437,-1.1549,-1.3622,1.761,-1.9449,0.9131,0.4503,0.8753,-1.1366,-2.763,-0.1586,-0.9556,-2.274,-1.7265,-1.3398,-0.6156,-1.2556,-1.6581,-1.6708,-2.5652,-1.4443,-0.0805,-2.9508,-1.8,-2.3465,-0.6337,0.7834,0.5803,-1.8036,-1.564,-0.29,1.3116,-3.0303,-0.7181,0.329,-0.8482,-0.3277,-0.2568,0.5634,-0.1669,0.131,0.7078,-3.1236,-0.5584,-0.5522,0.5828,0.4543,1.2029,-1.5502,-0.843,-0.0018,-2.8824,1.3412,-0.4686,-0.1862,-0.8904,-3.1942,-0.5317,-0.5818,-0.555,0.0758,-0.8223,-2.4396,-2.2701,-2.2519,0.0004,-2.4396,-1.4837,-0.9964,-0.1381,-2.3228,-1.2612,-2.5383,0.1111,-0.3711,-1.0387,-1.6195,-0.0759,1.1289,-0.8081,-0.544,0.1083,-1.2997,-1.1957,-1.7737,-1.666,-3.1236,-0.8677,-0.24,-0.8716,0.4314,1.355,-1.3867,-0.5475,-0.2752,-1.322,1.4021,1.1979,-1.7005,-0.7905,-2.1153,-1.1799,0.2587,-0.5303,-2.2605,-1.8018,-0.3647,-1.6114,0.0779,-1.4939,-1.5465,-2.517,-0.5459,1.2705,1.685,-2.6809,-1.5114,-1.7779,-1.8146,-2.6521,-0.5727,-0.1563,1.7591,-1.4098,-0.3194,-1.5353,-1.3513,-0.639,-0.885,1.0807,-0.7338,-0.1717,-0.1827,-1.8433,-1.9776,-0.7442,-2.2643,0.0085,-2.5059,-1.6576,0.2392,1.5238,-3.2139,-0.4021,0.2476,0.8765,-3.1168,-0.1515,-1.6477,0.6486,-0.0044,-1.2595,-0.7042,1.3728,0.2958,0.3941,-0.8583,-2.5588,-0.6992,-0.7952,-1.6246,0.1006,-0.7923,-0.8916,-2.9337,-0.7271,-2.0573,-0.5145,-0.8865,-2.4225,-2.1654,0.3331,-1.5329,-0.7744,-2.6118,-3.1327,-1.2184,-2.8051,-1.0323,-3.4143,0.8313,0.665,-0.48
10,1.2907,1.7154,0.7878,-0.3779,-2.3126,-0.4519,0.318,0.501,-0.3816,0.3483,-3.6045,-2.9262,-2.1637,-1.6586,-1.6337,-1.4102,-1.5367,-1.177,-2.4169,-1.6317,0.9173,-2.3476,0.8568,-0.1955,0.1186,-2.112,-3.1145,0.5294,-0.0572,-0.8573,-1.5877,-1.6205,-1.8553,-0.7294,-2.7196,-0.9948,-1.2924,-1.0373,0.5141,-2.8986,-0.8041,-2.501,-0.9309,0.498,0.5969,-0.5986,-0.087,0.3706,1.1927,-2.4877,-0.4479,0.9443,-2.3046,-1.3164,-2.7871,0.2604,-0.2275,0.0856,0.525,-1.8878,-0.8689,-0.5108,-1.2591,0.3533,1.133,-1.5731,-1.119,0.4542,-2.9997,-1.1699,-0.0122,-0.3295,-1.4974,-2.863,-0.4945,-0.4502,-0.5451,0.1779,-1.5564,-0.8472,-2.8665,-1.8006,0.0551,-1.411,-1.2372,-0.9373,-0.8561,-1.0186,-0.2048,-1.785,0.1449,-0.2771,-0.7681,-1.5736,0.1892,0.7885,-1.8534,-0.63,-0.9707,-1.7288,-2.2759,-1.1842,-2.0167,-1.0886,-0.1956,-1.8079,-0.1645,-1.2444,1.3082,-0.1717,-0.9795,-0.7187,-0.6818,0.6148,1.0102,-1.6777,-1.4057,-2.856,-1.603,0.4731,-1.136,-1.7115,-1.9555,0.3025,0.4557,-0.5334,-0.2445,-1.5578,-1.1596,0.0337,1.2264,1.0484,-1.9407,-1.3284,-1.6571,-1.7395,-2.9662,-0.3452,-0.5187,1.1471,-2.1602,-0.2611,-2.2946,-0.5563,-0.2263,-1.8592,0.9993,-0.6836,-0.8454,-0.7961,-1.4363,-1.2191,-0.4435,-1.2,-0.0443,-2.5434,-1.1881,0.7546,0.527,-2.849,-0.4193,-0.6651,1.0164,-3.1559,-0.3858,-1.0576,0.8292,0.4946,-1.0744,-0.0401,1.1464,0.8873,0.0771,-0.1714,-1.4201,-1.1725,-0.3575,-0.9527,-0.2615,0.1928,-0.2467,-2.4974,0.2196,-1.1796,-0.2557,0.0083,-2.3026,-2.4124,-0.3199,-0.8433,-0.7421,-2.6037,-3.0058,-0.6951,-2.7031,-1.4692,-2.9997,0.8564,0.0812,0.1795
11,1.3896,1.372,1.087,-0.7004,-2.2721,0.9812,1.3016,1.3009,1.3966,1.3064,-2.0265,-1.4948,-1.7904,-1.6399,-2.4293,-1.1366,-2.2538,0.0086,-1.7344,-0.6671,0.8653,-2.6868,1.2826,-0.4628,0.477,0.8442,-1.6312,0.5116,-1.3767,0.5009,-2.2481,-1.1806,-1.0765,-1.1041,-1.9519,-1.328,-1.232,-1.7181,-1.6977,-1.5975,0.5942,-1.8091,0.3472,-0.2164,0.7175,1.2324,-0.6438,-0.2697,0.1491,-0.9455,-0.616,0.334,-0.3459,0.5937,-2.3096,-0.1338,-0.553,-0.139,1.2524,-1.4503,-1.3567,-1.207,-0.1642,-0.291,1.1581,-0.3968,0.0718,-0.2089,-1.7737,-2.1875,0.2782,-0.8088,-1.9187,-1.0264,0.4742,-0.2329,-0.9329,-0.1279,0.4749,-2.2018,-0.4297,-1.4435,-0.6584,-0.8363,-1.782,-0.5083,1.2093,-0.1118,-0.3275,-1.9576,-0.5503,-0.3116,-1.5755,-1.1686,-0.4869,1.0901,-1.1326,0.0179,1.1639,-1.6363,-0.9511,-0.6478,-1.6906,-0.4494,0.0587,-2.331,-1.3429,0.7013,1.2594,-1.2486,-1.167,0.4374,-0.9301,0.7488,-0.3452,-1.3891,-1.8918,-0.913,-0.9113,-0.8829,0.0489,-1.1683,-1.9625,0.7809,-0.315,-1.3819,-0.4062,-1.0987,-2.5536,-1.0402,1.3551,0.8974,-1.3045,-1.5306,-1.0732,-1.2906,-1.1593,-0.8771,-0.1207,1.0471,0.2927,0.4109,-1.7435,0.4353,-0.8326,-2.1568,0.7653,-0.9634,-0.4228,-0.3328,-1.7395,-0.5401,-0.8251,-0.6601,0.7176,-1.5159,-1.3186,1.319,1.1116,-1.9583,0.0795,-0.2141,1.0587,-1.8528,0.1778,-0.7263,0.889,1.3895,-0.057,-0.3058,-0.5688,0.1671,0.0179,0.2982,0.9275,-0.4059,-1.3657,-1.617,-2.1186,-1.0225,-0.1726,-0.8692,-1.4288,-1.3216,0.2109,-0.69,-1.9018,-0.9396,-0.0115,-0.5356,-0.3727,-0.6836,-1.9386,-0.2134,-1.1676,-0.0289,-1.5838,1.3415,-0.4713,-0.0018
12,0.8523,1.4979,0.8735,-0.7014,-1.6745,1.7784,0.6826,0.8597,1.7117,0.9872,-1.701,-1.7731,-1.3807,-0.752,-2.2519,-1.2365,-2.2377,0.5243,-1.1511,-0.9213,1.1558,-2.6451,1.2,-0.513,0.1327,0.3814,-1.6503,1.0947,0.2029,0.8612,-1.7743,-1.3521,-0.7428,-1.0145,-1.7367,-1.9345,-0.916,-1.032,-0.07,-2.0092,-1.09,0.2162,0.0678,0.5951,0.5601,0.7889,-0.7983,0.3864,0.188,-1.1584,-1.1574,0.2801,0.4515,0.3056,-2.2847,0.7854,-0.7666,-0.5536,0.6166,-1.616,-0.9483,-1.5828,-0.4573,-0.1398,0.8606,-0.7,-0.6842,-0.1938,-1.4606,-1.3455,-0.5449,-0.2743,-1.9435,-0.7952,0.0334,0.0271,-0.4652,0.0398,0.2143,-1.8208,-2.4769,-1.3175,0.3697,-0.6188,-0.3885,0.8223,-0.1782,0.2687,-0.3797,-2.1742,-0.8185,-1.088,-1.3398,-1.6205,-0.3966,0.8172,-0.9329,-0.3919,0.5036,-0.6457,-0.456,-0.7892,-1.2612,0.9231,0.0783,-2.2331,-0.0364,-0.4974,0.7581,-0.7672,-0.7375,-0.3006,-1.2087,0.9011,-0.6143,-0.7728,-0.19,-1.7574,-1.3665,-0.4071,-0.4735,-0.4821,-1.8395,0.3832,-0.0401,-0.1199,-0.7279,-0.984,-1.8605,-0.5809,1.666,0.5517,-0.3978,-1.6409,-1.4118,-1.0095,-1.6977,-0.4211,-0.376,1.0019,0.3998,-0.4011,-1.0027,-0.1782,-0.58,-2.3046,1.344,-1.413,0.0953,-0.2408,-1.8991,-0.997,-0.4563,-0.9986,0.5323,-1.8598,-0.9393,1.8861,-0.3966,-1.596,-0.5839,-0.706,1.5053,-1.5269,0.0522,-0.0488,0.9463,0.8001,-0.412,-0.1956,0.9742,1.0401,0.073,-0.1754,0.4495,-0.9125,-0.8251,-1.1699,-1.6471,0.164,-0.1479,-0.9948,-0.9527,-1.4974,-0.2725,-1.0604,-1.1881,-1.3168,-0.1786,-0.4449,-0.6576,-2.0197,-2.1681,-0.767,-1.2535,-0.1608,-0.9636,1.7976,0.5269,-0.7363
13,1.4174,0.6982,-0.2597,-0.4992,-0.1631,1.4238,0.491,1.5589,1.6244,0.3521,-1.779,-1.6836,-1.1838,0.7812,-1.7082,-1.339,-1.8351,0.3959,-1.0898,-1.2289,1.0565,-2.1542,1.2694,-0.4603,0.4698,0.0882,-1.4486,0.9332,0.567,1.2249,-1.4486,-0.4429,-1.0161,-1.5731,-1.511,-0.5444,-1.6503,-1.3513,-1.3156,-1.4338,-1.0596,-0.5202,-0.3829,0.9931,1.1625,0.5236,-0.8821,0.72,-0.8921,-0.7226,-1.0759,0.659,-0.0473,0.7798,-1.7487,0.0619,-0.6692,0.0654,1.3723,-1.665,-0.7356,-1.5799,0.2543,-0.1575,1.0482,-0.2287,-0.405,-0.6077,-1.2935,-2.0025,0.6369,-0.9286,-1.8338,-1.1638,0.4135,-0.5138,0.1397,-0.3932,-0.5266,-1.7844,-1.6939,-1.3108,1.1815,-0.5004,-0.8393,0.1318,1.6289,-0.5271,-0.0327,-1.7131,-1.0376,-0.8258,-1.5707,-0.5864,-0.473,0.6009,-0.7211,0.4353,1.1872,-1.3871,-1.1404,-0.3895,-1.3045,0.6362,-0.1352,-1.3775,-0.1883,-0.8442,1.1119,-1.1419,-1.4512,1.1118,-1.2884,0.1887,-0.681,-0.9457,-0.3318,0.3895,-1.1545,-0.6396,-0.7148,-1.1245,-1.9733,0.8611,-1.0662,0.0006,-0.2251,0.0151,-2.0691,-1.0081,1.2609,0.1073,-1.2708,-1.0662,-1.0139,-1.6994,-0.6031,-0.5818,-1.1773,1.4481,1.4926,0.225,-1.1565,0.9188,0.2045,-1.5799,0.7968,-1.7193,-0.1924,-0.4735,-1.8806,-0.7484,-0.3673,-0.8989,-0.4537,-1.8407,-0.8699,1.6944,0.932,-1.5024,-0.1842,-0.5926,1.5258,-1.5965,0.2407,0.5449,-0.0709,1.5249,-0.6808,-0.5656,1.2237,0.4943,0.278,-0.3982,0.0546,-0.8178,-1.6874,-1.5794,-1.2076,-0.3948,-0.2238,-1.4705,-0.7495,-1.1108,-0.1852,-1.2063,-1.4346,-0.5276,0.3451,-0.7105,-0.1794,-0.6706,-1.5394,-0.3183,-0.0847,-0.7183,-1.0921,1.6406,-0.4635,-0.1147
14,1.6308,1.4656,0.5123,-1.3677,-1.1184,0.9706,1.4418,-0.7271,1.9139,-0.0111,-1.6534,-1.2783,-1.6809,1.3212,-1.0633,-0.478,-0.8458,-0.9081,-0.7154,-0.0195,1.3122,-1.6576,1.8442,-1.7126,0.4149,0.3329,-1.7988,0.753,0.4764,0.2197,-1.6518,-1.043,-0.0288,-0.3832,-1.152,-1.4775,-1.9711,-0.2942,-0.4974,-1.5362,0.1715,-1.2841,0.2041,0.986,1.309,1.4293,-0.8933,1.4131,-1.2819,-1.3224,-0.9261,-2.1839,-0.0257,0.1109,-0.0519,0.6774,-1.2046,-0.448,0.1106,-0.9143,-1.2293,-0.5832,-0.008,-0.3429,1.162,-0.8484,-0.3541,1.0606,-0.5975,-1.2406,-0.7284,-0.9393,-1.6271,-0.9803,1.429,-0.1592,-0.8682,-1.1973,-0.7698,-1.2723,-1.0255,-2.5023,1.4844,-0.5353,-1.1858,-2.2818,0.4349,-1.5427,-0.9673,-1.4188,-0.9991,-2.2576,-0.994,-1.5867,0.6584,0.1446,-1.2595,0.2873,0.006,-1.3228,-1.6623,-0.3285,-1.123,0.5845,0.341,-1.8799,-0.5709,-0.4853,0.7756,-0.3261,-1.5731,-0.1154,-1.3444,0.6336,-0.1274,0.463,-1.1858,0.4093,-0.9556,-0.7068,-1.2932,-2.1795,-0.8059,0.4363,-1.325,0.0719,-0.9416,-0.8656,-2.5408,-0.7379,0.1879,1.76,-0.6411,-1.3883,-0.0552,-0.9101,0.0624,-1.068,-1.1081,0.5947,2.2304,-0.0713,-0.8788,1.6914,0.2007,-1.8702,0.1148,-1.4163,-0.4842,-0.3058,-0.9768,0.288,-0.9096,-1.735,0.089,-1.8965,-0.3813,1.7962,1.0185,-0.844,0.1156,-1.211,-0.4555,-0.5449,0.1719,-0.7093,-0.5933,0.9112,-0.6655,-1.007,0.6388,-1.6477,-0.2473,-1.0727,1.186,-0.3778,-1.2107,-0.451,-1.4196,-0.878,-0.2112,-1.1002,-1.3638,-0.6472,-0.434,1.2175,-2.2547,-0.8239,-0.428,-0.4766,-1.158,-1.4961,-1.5877,-1.0478,0.0223,-0.1753,-0.2612,-0.3673,0.0354,-1.7237
15,1.3848,1.2078,1.6192,-0.0781,-1.331,-0.0198,0.6041,0.6615,1.5196,0.4893,-2.2443,-1.0674,-0.619,-0.7164,-1.5155,-1.057,-1.6035,1.5416,-1.62,-0.2488,-0.5897,-1.441,0.8011,-0.1048,-0.0531,0.022,-1.0841,0.7671,-0.0787,0.1337,0.3844,-0.9414,-0.8377,-0.8354,-1.8152,-1.0921,-0.2936,-1.6928,-1.2539,-1.413,0.3793,0.4073,0.4234,0.1643,0.3442,1.112,-0.3337,1.021,-0.59,-0.5847,-0.4145,0.8649,-0.8992,0.2038,-1.5926,-0.2584,-1.5941,0.4895,1.2673,-1.1032,-1.0264,-1.1264,0.4539,0.4032,1.1571,-0.3023,0.6078,-0.132,-0.6035,0.0895,0.5311,-0.7072,-1.515,-1.433,0.6936,-1.1635,-0.0286,-0.4192,-0.604,-0.5496,-1.1479,-0.4068,1.5735,-0.7379,-0.575,-0.689,0.182,0.7177,-0.8203,-1.9683,-0.2801,-1.4118,-0.84,-0.3885,-0.5297,-0.7599,-1.061,0.3417,0.9969,-0.9029,-1.2968,-1.8951,-1.3529,-0.0095,0.0606,-1.7204,-1.0844,-0.5115,0.7338,-0.5967,-1.0005,0.6585,-0.9049,-0.4732,-1.7098,-0.998,-1.1676,0.5503,-1.2577,0.305,-1.1298,-0.814,-1.4903,1.4904,-2.0612,1.2409,-0.7685,-0.3647,-1.3831,-1.2525,0.7573,0.6105,0.9811,-0.7572,0.6943,-0.6898,-0.6822,-1.1276,-1.3544,0.5697,-0.2842,0.249,-1.16,0.7698,0.7997,-1.751,0.3746,-1.3348,-0.1506,-0.5725,-1.2694,-1.7826,-0.2942,-2.2605,-0.5984,-0.0845,0.493,1.5113,0.5447,-0.8923,0.2472,-1.1603,1.0127,-0.5646,0.2252,-0.021,0.3076,0.4053,-0.6118,0.2994,1.3069,0.5961,-0.1386,-0.0238,0.2682,-0.3432,-1.4671,-0.4689,-1.3598,-0.9519,0.5668,-1.526,-0.4881,-0.414,0.4447,-0.2449,-2.6493,-0.7504,-0.3418,-1.2249,-0.516,-0.3574,-1.0495,-0.2046,-1.2957,-0.7789,-0.9314,1.4536,-0.315,0.036
16,1.2257,1.6241,1.7297,-0.8258,-1.354,0.84,0.5863,1.6494,1.3906,1.9666,-2.1973,-1.438,-1.4143,-0.3219,-1.5353,-1.1565,-1.4627,1.6717,-1.8433,-0.3565,0.7023,-2.4974,0.6906,-0.8948,0.2432,0.0419,-1.3791,0.673,-0.6624,0.2237,-0.6461,-1.3847,-1.0533,-0.9618,-1.5794,-1.7814,-0.6921,-2.0651,-0.9856,-1.8911,0.9018,-0.8221,1.034,-0.1954,1.3946,-1.1117,0.3525,0.3998,0.1033,-0.9663,-1.0481,0.6357,0.4281,-0.7597,-1.6623,0.0728,-0.0132,0.0998,1.5479,-1.3988,-1.0906,-0.3016,-0.0421,0.0754,1.4912,-0.7099,0.0825,-0.4099,-1.1977,-0.9467,1.0124,-0.9429,-2.1813,-2.1021,1.0534,-0.1716,-0.1856,-0.0674,0.4767,-1.4469,-0.0287,-0.8802,0.2318,-1.7316,-0.8616,-0.1213,-0.0452,0.5477,0.1436,-2.3238,-0.3525,-0.7074,-1.1282,-1.2413,-0.9875,-0.0495,-0.8972,0.2087,0.7221,-1.0018,-1.0631,-1.3119,-1.4925,1.0964,0.5677,-1.9173,-0.7493,0.7733,1.3929,-0.7815,-1.0564,1.012,-0.9483,-0.4457,0.2407,-1.4355,-0.6505,-0.3699,-1.2758,0.3804,-0.6029,-0.5586,-1.7087,0.8537,-1.2191,-0.8751,-0.3863,-0.9991,-1.8852,-0.9241,0.8824,-0.0838,-0.6599,-1.4736,-1.8183,-1.1657,0.6603,-1.009,-1.1907,0.4734,0.3175,0.455,-1.5554,0.2233,0.0229,-1.8892,0.2333,-1.4917,-0.5391,-0.5403,-0.6116,-0.6917,0.5008,-2.8051,-0.6988,-1.0791,-0.4874,1.2472,0.4476,-1.2167,-0.1423,-0.7079,1.7819,-0.6541,-0.0051,-0.7018,0.3849,1.3475,-0.6134,-0.2675,0.638,0.4948,0.4449,-0.354,-0.1275,-0.4087,-2.333,-0.8884,-2.0456,-0.5917,0.0474,-1.3371,-1.4988,-1.0189,0.1181,-0.9824,-2.8473,-1.3322,-0.078,-0.9299,-0.29,-0.867,-1.8189,-0.1745,-1.2171,-0.1037,0.0979,1.7599,-0.6597,-0.2398
17,0.9901,1.8702,1.4034,-0.9994,-0.6375,1.8399,0.7031,1.6999,0.5622,1.2647,-0.5929,-1.1344,-1.2331,0.0745,-0.9997,-0.7081,-0.9309,0.5109,-1.0062,-0.64,1.4121,-2.0923,1.4294,-0.3745,-0.052,0.1282,-0.9014,1.1596,0.2948,-0.1163,-1.0267,-0.8526,-0.5791,-0.8133,-1.4275,-1.2913,-1.0487,-0.9312,-0.7164,-0.998,0.162,-0.7546,0.2973,0.8472,0.9192,-0.0836,0.5685,1.0941,-0.2791,-0.887,-1.0812,0.8182,0.0145,0.4576,-1.1169,-0.8176,-1.1326,0.4122,1.2047,-1.797,-0.7921,-1.1141,0.1301,-0.6321,0.8169,-0.9561,-0.0719,-0.3898,-1.0619,-0.6704,-0.0979,-0.7392,-1.2877,-1.5033,1.3021,-0.7741,-0.1692,0.4444,-0.0079,-0.8892,0.006,-0.704,-0.123,-0.7781,-0.2436,0.2229,0.6608,0.4211,-0.441,-1.5404,-0.2657,-0.6794,-1.3104,-0.2078,-0.3805,0.4444,-0.6118,0.4348,0.6143,-1.0535,-0.9561,-0.9426,-0.9076,-0.8649,0.4599,-1.1777,-0.7781,0.0758,0.5095,-0.4654,-0.7804,0.4818,-0.8454,0.6214,0.5578,-0.8948,-0.2533,-0.5836,-0.457,0.7446,0.6162,-0.5541,-0.3908,0.3344,-1.2859,0.4126,-1.0838,-0.4543,-1.2497,-0.2157,0.6719,-0.3379,-1.423,-0.8405,-0.9103,-0.7034,0.1061,-0.5522,-1.1017,1.6298,1.2864,0.4885,-0.0118,0.2674,0.2578,-1.2157,1.1344,-0.843,-0.3252,-0.0531,-1.1757,-1.1354,-0.2134,-1.4073,0.0419,-1.1008,-1.0573,1.2811,1.2561,-0.7306,0.1802,0.2256,0.9832,-1.0633,0.5002,0.2837,1.1743,0.2058,-0.3891,0.4137,0.4956,0.2914,0.8878,0.2453,-0.1608,-0.1048,-1.7344,-0.7054,-1.4719,-0.5353,1.0065,-0.9488,-0.4499,-0.5718,-0.2215,-0.5607,-1.5838,-0.5327,-0.149,-0.7083,-0.4314,-0.8045,-1.205,0.8344,-0.1386,-0.6972,-1.3364,1.7863,0.1651,1.0803
18,0.8534,1.6299,1.5477,-1.3383,-1.464,1.3313,0.7526,2.0389,1.1554,1.3926,-1.7204,-1.1728,-1.2965,-0.9545,-1.7005,-0.7459,-1.433,1.856,-1.1845,-0.6642,1.5303,-1.712,1.4252,-0.5888,0.0875,0.4152,-1.2438,1.2594,-0.3423,0.3498,-1.0203,-1.0311,-0.9488,-1.0345,-1.6079,-0.8063,-1.3295,-1.4512,-0.6343,-1.2637,-0.3253,-0.6179,0.5244,0.6236,0.637,-0.1649,0.2001,1.1927,-1.208,-0.684,-1.2107,0.4266,-0.6039,-0.529,-1.5233,-0.2553,-0.6539,0.021,1.3648,-1.0334,-1.291,-0.9848,-0.1637,0.1745,1.536,-1.2283,-0.2781,-0.5494,-1.2016,-1.0683,0.7689,-0.9684,-2.1733,-1.4427,1.2734,-0.6253,-0.3666,0.5143,0.0586,-1.481,-0.6434,-0.8398,0.8837,-1.057,-1.0712,0.5688,1.0123,-0.2236,-0.2116,-1.501,-0.748,-1.0219,-1.5432,-1.039,-0.7008,0.2125,-0.7346,0.7042,0.9984,-1.1832,-1.2755,-1.4623,-1.0404,0.3513,-0.2481,-1.2331,-1.0106,0.0385,0.8611,-0.8333,-1.1144,0.437,-1.3231,0.0258,0.2146,-0.9779,-0.7591,-0.8146,-1.0255,0.5953,0.2504,-1.1099,-1.1292,1.6971,0.0343,-0.8477,-0.3544,-0.9362,-1.4832,-1.2504,0.8803,-0.0599,-0.6888,-1.1718,-1.1102,-1.0724,-0.3285,-0.9905,-1.3681,1.5664,0.6088,0.4636,-1.3505,0.8629,1.0863,-1.4917,1.0896,-1.3859,-0.3102,-0.6775,-1.336,-1.0021,0.4091,-1.3322,-0.2801,-1.3525,-0.4913,1.9404,1.5863,-1.3337,-0.1079,-1.0183,0.8847,-0.9506,0.7778,-0.8274,0.8426,1.9284,-0.722,0.0976,1.0895,0.3057,0.2833,-0.0992,0.3333,-0.2672,-1.8579,-1.0765,-1.8389,-0.2804,-0.1963,-0.1334,-0.2701,-1.1175,-0.5035,-1.4389,-1.3875,-0.965,-0.0531,-1.3867,-0.4003,-1.2823,-1.2698,0.1144,-0.7616,-1.0628,-0.1666,1.89,-0.237,0.3275
19,1.2878,2.0832,2.1103,-1.7104,-1.5474,0.9975,1.3405,2.1758,1.1937,2.1466,-1.8669,-2.3197,-2.4396,-0.5224,-1.8,-1.0008,-1.9597,1.8715,-1.8566,-1.0208,1.6957,-2.5358,0.5363,-1.0208,-0.0484,0.1782,-1.6064,0.8951,-0.4245,0.3197,-1.458,-1.4275,-1.1111,-1.6296,-1.9604,-0.8637,-0.1174,-1.4771,-1.6099,-1.7071,-0.1788,-1.8695,0.6434,0.2975,0.6726,0.2644,0.3623,1.6582,-0.7783,-1.4705,-1.982,0.3728,0.3525,-0.7103,-1.9856,0.2617,-1.1184,0.488,1.465,-0.9867,-1.6681,-1.3935,-0.5827,-0.2185,1.3233,-0.8732,-0.0401,-0.6574,-1.9092,-1.3591,0.5459,-0.7156,-3.2089,-1.9733,1.0104,-0.764,-0.3582,0.5119,-0.5804,-1.9092,-0.7386,-1.6602,0.5278,-1.521,-0.7582,0.0314,1.5251,-0.1866,0.1553,-2.1046,-0.7554,-0.8095,-1.6342,-1.2344,-0.6426,0.2737,-1.1135,0.5778,0.8568,-1.8183,-1.9386,-2.2759,-1.9018,0.706,-0.1947,-1.7109,-0.9851,0.0179,1.0068,-1.1514,-1.5413,0.4588,-1.4745,0.054,-1.9668,-1.3171,-1.5545,-0.8616,-0.898,0.5014,-0.0939,-1.5223,-1.3123,1.4797,-0.7739,-0.5408,-0.4314,-1.2651,-1.4859,0.2185,1.0356,-0.1809,-0.6218,-1.5201,-1.827,-1.4024,-0.7733,-1.0541,-1.5069,1.7921,-0.8126,0.7457,-1.4422,0.0198,0.8756,-1.6724,-0.2343,-1.4053,-0.5555,-0.9694,-1.601,-0.647,0.2486,-2.7091,-0.4023,-2.2857,-1.0424,2.0353,1.0544,-1.8734,0.0071,-0.4186,0.9178,-0.7107,0.4112,-0.4036,1.0003,1.6052,-0.9421,0.215,0.782,0.5273,0.0458,-0.0359,0.2393,-0.5446,-2.2109,-1.2723,-1.3622,-0.8512,-0.4032,-1.3591,-0.7275,-1.474,-0.5458,-0.4697,-2.2091,-1.2514,-0.688,-1.1514,-0.7537,-1.6912,-2.155,-0.0858,-0.9774,-0.9261,-0.4879,2.0784,-0.118,-0.0416
20,0.9486,1.6741,1.9016,-0.7164,1.5615,-1.302,-0.2374,0.4404,0.4825,1.6626,-1.8158,-0.8855,-0.9891,2.0211,-1.7826,-1.0963,-1.4957,0.0371,-0.9956,-0.3581,-0.2482,-1.3783,0.7614,-1.0016,-0.1358,0.2073,-0.983,-0.2185,1.3608,1.1094,-0.2852,-0.3039,-0.1117,-0.4224,-0.4413,-0.6099,-1.0812,-1.1348,-1.5265,-0.9956,1.9435,0.4554,-0.983,0.0113,0.8625,1.2758,-0.3332,1.3539,-0.2721,0.2797,0.419,0.8043,-0.4638,1.2146,-1.5223,-1.1712,1.0541,1.1391,0.8745,-1.9421,-1.2334,-1.278,1.5044,-0.4611,0.9253,-1.3972,0.3111,-0.5802,0.164,-0.2874,0.941,-0.189,-2.0069,-0.8536,-0.0081,-1.5731,-0.4737,0.379,-0.7396,-1.6623,0.4304,-0.5182,-0.8056,-0.3685,-0.2266,0.5463,-0.1395,-0.4772,-0.218,-1.1884,-0.6856,-0.9657,-1.5673,0.871,-0.1887,-1.3284,-1.2427,1.1644,0.6571,-0.9238,0.3391,-0.9558,-1.5408,0.7283,0.279,-1.3153,-1.2147,-0.6375,0.5016,-1.299,-0.2091,1.9816,0.1686,-0.6244,-1.5488,-0.5012,-0.9058,-0.8739,-0.8867,0.5464,-0.6417,-1.3145,-1.5717,1.541,-2.0159,0.6602,-0.85,-0.1104,-0.5685,-0.4662,0.4065,-0.9135,-0.9504,-1.3448,-0.2965,-1.2455,-0.0972,-1.3326,-1.1983,0.2189,2.9589,-0.0131,0.0232,2.295,-0.0123,-1.3494,-0.7267,-1.6312,0.5582,0.119,-1.1416,-0.976,0.1475,-1.689,-1.0613,-0.9473,-1.0912,2.1341,0.2801,-1.0587,-0.47,-0.1629,0.012,0.1328,-0.2595,-0.2983,0.2011,-0.198,-1.1722,-0.1245,1.1115,0.525,0.4107,-0.7275,-0.015,-0.0497,-1.9221,-1.5693,-1.0948,-0.703,2.1657,-1.5173,-1.5838,-0.7981,-1.0236,-0.2476,-1.8605,0.4307,-0.2233,-1.5279,-0.4371,1.0825,-1.4802,-0.2804,1.2896,-1.3179,-1.3641,1.239,-1.5279,-0.1143
21,1.1617,1.2994,0.641,-1.3919,-1.0005,1.3884,0.8484,1.415,1.9727,1.1973,-2.3248,-2.0077,-1.9421,0.0508,-2.0518,-1.3075,-1.7299,1.5653,-2.6409,-1.1432,0.8072,-2.2481,0.4747,-1.5219,0.5208,-0.0043,-1.2438,0.8241,-0.494,0.4007,-1.3544,-0.4368,-1.3943,-0.9509,-1.7779,-1.6842,-1.6399,-1.5033,-2.0003,-1.9625,0.8452,-1.197,0.7422,-0.4499,0.6013,0.1509,-0.1571,0.2231,-0.717,-1.1181,-1.9625,0.8443,-1.6539,-0.8616,-1.8036,-0.5454,-0.2785,0.8251,1.2918,-2.081,-1.0564,-1.6703,0.1947,-1.2066,1.6722,-0.8287,0.088,-0.9339,-1.2884,-1.8357,0.2536,-0.2954,-2.6507,-2.5836,0.5839,-0.6171,-0.6175,1.1342,0.6041,-1.7661,-1.5015,-1.2458,0.9735,-1.8998,-1.257,-0.3436,0.9688,0.1338,-0.2814,-2.4499,-0.9111,-1.196,-1.4271,-1.0993,-0.8212,-0.5926,-0.412,0.3937,1.2855,-1.3815,-1.179,-1.5451,-1.8598,-1.363,-0.0269,-1.2232,-1.7802,0.6942,1.3962,-0.9924,-0.5032,0.2785,-1.0694,-0.5477,-1.3641,-1.5422,-1.6477,-1.1796,-1.411,1.0119,-0.5264,-0.5522,-2.1413,1.0016,-0.9125,-1.4943,-0.6868,-1.4723,-1.3142,0.3373,0.6196,-0.228,-1.4477,-1.256,-1.969,-2.0189,-0.1537,-1.8509,-0.8421,0.9863,0.037,0.0968,-1.5659,0.0688,-0.2537,-1.2396,0.4363,-1.6945,-0.6024,-0.2969,-0.9864,-0.6201,0.1516,-1.0461,-0.7694,-0.9989,-1.3213,2.1058,1.7931,-1.9146,-0.0128,0.3037,0.6672,-1.147,0.3317,-0.3063,1.1171,1.6991,-0.9416,-0.4045,0.2297,0.5449,0.1496,-0.2612,-0.7972,-0.2814,-2.0526,-1.6332,-1.779,-1.2424,0.1245,-1.2399,-1.1796,-1.2983,-0.5087,-0.8313,-2.3991,-1.0354,0.069,-1.5493,-0.8221,-0.6289,-1.7585,-0.4806,-1.411,-0.9527,-1.8553,2.0667,-0.0443,-0.1732
22,1.4233,1.7986,1.58,-1.6847,-0.9153,0.8834,1.1846,1.4307,1.4968,1.2211,-2.2711,-1.8202,-1.8012,-0.4299,-1.8338,-1.21,-2.1388,-0.1701,-2.1777,-0.9309,1.0075,-2.3372,0.8518,-0.8433,-0.0373,0.397,-1.8395,0.8519,0.0225,-0.2274,-1.4057,-0.5251,-0.3914,-0.6862,-1.99,-1.5693,-1.7826,-1.526,-0.9086,-1.712,0.0355,-0.6356,0.5868,-0.1715,1.6081,0.552,0.5786,0.5999,-0.7407,-1.3042,-1.762,0.6708,0.2359,-0.0261,-1.92,-0.3479,-0.4546,0.15,0.5856,-1.9228,-1.0281,-1.577,-0.0496,-0.6996,1.8694,-0.8923,0.1068,-0.5459,-2.2109,-1.4623,0.5576,0.0865,-2.6521,-2.2986,1.3893,-0.9221,-0.8265,0.9929,0.1557,-1.7755,-1.2493,-1.5649,0.6214,-1.666,0.0053,0.7679,2.1497,-0.6402,-0.7232,-2.1095,-0.6046,-0.1826,-1.446,-1.5911,-0.8343,-0.7099,-0.8255,0.3947,0.7659,-0.6564,-0.7844,-1.193,-1.6389,0.2715,0.2729,-1.3383,-1.959,-0.0988,0.4055,-0.7081,-1.2563,0.3352,-0.4727,0.0258,-1.2293,-1.446,-1.0054,-1.441,-1.1767,0.8448,1.2534,-1.2249,-1.8695,0.6788,-1.7277,-0.6728,-0.9811,-1.4359,-1.7453,-0.2158,0.9841,-0.2598,-1.316,-1.0553,-1.7333,-1.6368,-0.4452,-1.5862,-1.3149,0.6435,-0.1472,0.3391,-0.948,0.5808,0.4084,-1.452,0.8849,-1.43,-0.6234,-0.3644,-0.7685,0.224,-0.3821,-1.23,0.129,-1.1884,-1.2431,1.6968,0.7976,-1.788,0.4669,-0.536,0.3004,-0.5711,0.6635,0.0686,0.94,1.5999,-0.4627,-0.296,0.8967,0.1418,0.5797,-0.163,-0.3817,-0.5336,-2.1481,-1.0948,-1.7413,-1.4305,0.0675,-1.4762,-1.0264,-0.9447,-0.1558,-0.8126,-2.6091,-1.5995,0.0535,-0.9795,-0.4801,-1.3448,-2.2877,-0.3988,-1.0951,-1.1441,-0.7589,2.3908,0.0892,-0.2912
23,1.535,0.8896,2.0008,-0.8982,-1.8042,1.2861,-1.3548,1.6124,1.311,1.5933,-1.9262,-1.4701,-1.7048,-0.5466,-1.7928,-0.8524,-1.9583,1.0882,-1.047,-0.3029,0.7404,-1.8332,0.3206,-1.0054,-0.0688,0.5949,-0.7877,1.0755,-0.0028,0.5737,-0.9684,-0.7012,-0.7244,-0.7018,-0.1077,-0.8554,-1.2403,-0.6964,-0.4574,-1.6555,0.4303,0.5814,0.5977,-0.4402,0.8337,-0.4563,0.2379,-0.1733,-0.0241,-0.4842,-0.262,0.7425,-0.2347,0.0674,-1.4188,-0.2132,-0.1982,0.5451,0.8848,-2.1991,-1.0145,-1.3119,0.7148,0.0742,1.4922,-0.6882,0.023,-0.3136,-0.9086,-1.2719,-0.9063,-0.5253,-1.3038,-2.1161,0.4206,-0.7286,-0.3415,0.8546,-0.315,-2.0318,-1.6988,-0.1763,0.1192,-0.5653,-1.9463,0.8268,-0.6236,-0.5098,-0.0965,-2.5158,-1.2232,-0.2781,-1.4855,-0.9111,-0.9223,0.348,-1.2837,0.417,0.8382,-0.4945,-1.3213,-1.2939,-1.0068,0.6076,-0.17,-1.1799,-0.2684,-0.6974,1.4018,-0.5679,-1.2389,-0.7934,-0.9319,0.3505,-0.0534,-0.8699,-1.2441,-1.374,-0.5292,0.7048,0.5487,-0.5911,-0.7311,0.7609,-0.9039,-0.0837,-0.1617,-0.7544,-1.6671,-0.859,0.7477,-0.2329,-0.1115,-0.9671,-0.9447,-1.7585,-0.8613,-0.3057,-1.0323,0.3893,1.5938,-0.7402,-1.1044,1.1568,-0.7527,-1.0203,0.8853,-1.5082,-0.2849,0.1255,-0.9961,-1.2687,0.7247,-1.0768,-0.4396,-0.9886,-0.722,1.9581,0.6813,-1.8872,-0.9621,-0.5258,1.0923,-0.6708,-0.3922,-0.834,0.3056,1.6477,-1.0147,-0.2283,0.3692,0.9712,0.3568,-0.2772,-0.6804,-0.7804,-1.202,-1.2215,-1.3164,-0.4051,0.2915,-0.7028,-0.7319,-1.2198,-0.1926,-1.2946,-0.8119,-1.0803,0.1328,-1.0029,-0.9932,-0.583,-1.564,-0.3731,-0.4953,-1.1451,-0.5911,2.3936,-0.7168,-0.2615
24,-0.2253,-0.0656,0.9265,0.2359,0.9529,-2.0487,0.7338,-0.7432,-1.5531,-1.7574,0.657,0.2671,-0.1289,2.2446,0.4948,0.9553,-0.0944,-1.595,0.8774,-0.4113,0.0259,-1.7976,0.5514,-0.8635,-0.0555,-0.5872,-0.7394,-0.8192,0.006,-0.0294,-0.0853,-1.0278,-0.1924,-1.0021,0.7002,-0.5544,-0.345,0.6634,0.7069,0.0389,-1.4762,-0.9431,-0.4549,0.7418,0.7039,0.3082,-2.0167,1.1804,0.8704,-0.3377,-1.1407,0.4182,-1.9922,0.5351,-0.0199,0.9985,0.176,0.9001,0.5511,-0.6255,-0.8061,-0.6753,0.3658,0.6826,0.8297,-1.0975,-0.4581,0.5161,0.4021,-0.0073,-1.4679,1.1449,0.0127,-1.1032,-2.1473,0.1524,-0.8911,0.0014,-0.4291,0.3832,-2.7742,0.0089,-0.6398,-0.886,-2.0907,-0.3892,-0.8948,-2.2481,-2.081,-1.5568,-0.636,-1.7533,-1.088,0.462,0.4492,0.494,-0.5948,-0.0957,0.3135,-0.2567,-1.6885,-0.2274,-1.7516,-2.1153,-0.7687,-1.5916,-0.8398,-0.4126,0.8906,-2.1095,0.2824,-0.5305,-0.2425,0.1745,-1.1725,-0.7563,-0.8389,-1.4159,-1.3791,-0.0287,-1.6312,-2.107,-1.8951,1.6153,-1.7684,-0.5586,-0.9916,-1.1332,-0.6072,-2.1062,1.0694,1.9269,-0.9774,-1.0697,0.211,-0.8361,-3.1606,-1.2127,-0.5014,0.5661,2.1498,-1.7344,-0.3959,1.7347,-0.3581,-0.6055,-0.1967,-0.6578,1.6847,0.5895,-0.08,-0.5962,-0.6694,-1.5096,-0.1349,-0.948,-0.0904,1.0324,1.3347,-0.8906,-1.666,-0.2878,0.4939,-1.674,-0.3708,-1.6618,-0.2854,-0.9066,-0.7631,-0.8146,0.8553,-0.2355,0.9328,-1.1363,-0.9902,-1.0642,0.0325,-0.8363,-0.5938,-1.4559,0.363,-1.6607,-0.9537,-2.0295,-0.2337,-1.2906,-1.7361,-0.2047,-0.3963,-0.7767,-0.7166,-1.6225,-1.803,-0.724,0.1258,-0.7465,-0.6919,0.602,-0.4331,-0.7
25,-0.6878,-0.6587,-0.5536,1.5464,1.509,-0.7453,0.121,-0.5948,-0.2194,-0.5917,0.3204,-0.8519,0.317,1.8145,-0.27,-0.0499,-0.3045,-1.0547,0.4249,0.4112,-0.5133,-1.0567,0.6714,0.3075,0.2299,0.2781,0.9268,-0.5062,0.977,1.1422,0.2913,0.2231,0.2625,-0.7994,-0.0581,-0.8498,0.2551,-0.5163,-0.6337,-0.1577,-0.772,-0.3393,0.1195,-0.3039,-0.508,-1.3811,-0.1227,0.7671,-0.2646,0.9561,-0.007,1.0465,0.1293,0.8293,-0.1177,0.3116,0.2614,0.5727,0.6424,-1.3996,-0.7888,-0.7531,-0.657,0.9824,0.605,-0.437,1.2036,-0.0692,0.0088,0.4894,-0.2462,0.7033,-0.7934,-1.5823,-1.0584,-0.0013,-0.8074,0.3749,-0.663,-0.0419,-1.0877,0.4262,-0.0221,-0.4868,-0.268,0.1737,-0.5964,-0.8592,-0.7707,-0.9626,-0.5658,-0.8862,-1.2658,-0.4515,0.1724,0.39,-1.4346,-0.3889,0.7376,-0.7438,-1.2881,0.3273,-1.2127,-1.3529,-0.6231,-0.9284,-0.9314,-0.8597,-0.0399,-1.2458,-0.4608,-0.9475,-0.469,0.5709,-0.7203,-0.7133,-0.8564,-0.8936,-0.5637,0.3614,-0.7004,-1.3552,-0.6214,1.0283,-1.256,0.4567,-0.7459,-0.5409,-1.5526,-0.9462,0.3698,1.0307,-0.1561,-0.4207,-0.6516,-0.747,-0.0915,-0.8512,0.2907,-0.1179,0.2352,-0.843,-0.9678,0.8426,-1.9661,0.1493,0.6016,-1.0068,0.7516,0.318,0.4069,0.1205,-0.1307,-0.5484,0.1967,-1.0092,-0.3097,-0.1765,0.7693,-0.918,-0.2379,-0.9071,0.196,0.5377,0.5573,-0.5435,0.3006,-0.2942,-1.0495,-0.4472,-0.8308,0.5768,0.1002,-0.2885,-1.4201,-0.6101,-0.6968,0.133,-0.133,-0.8349,0.4573,-0.5957,-1.0211,-0.9437,-0.1385,-0.7168,-1.5042,0.1567,0.1748,-1.2184,-0.9655,-0.9365,-1.179,-0.2449,-1.1329,-0.8226,-0.1331,1.4113,-0.1703,0.0798
26,-1.0815,0.7426,-0.7146,1.7957,2.4246,-2.0907,-0.2249,-1.791,-0.9663,-1.5353,0.7952,-0.9352,0.3256,2.527,-0.0651,1.8809,-0.8363,-0.8646,1.2998,0.1213,-1.2327,-2.6409,0.5858,-0.2477,-1.2073,-0.271,0.8867,-2.597,1.2481,0.4763,-0.184,0.5469,-0.5231,-0.4098,-0.5618,-0.0608,0.4305,-0.7091,-0.1483,-1.4503,-1.5316,0.549,-0.7875,-0.913,-0.7269,-2.2798,-1.3556,-1.6373,-0.1416,-0.5019,-0.14,1.2744,0.2158,-2.0826,-0.2051,0.711,-0.698,0.6738,-0.5748,-2.87,-0.104,-0.457,0.3831,1.6689,0.7004,0.2594,1.6015,0.0005,-0.8171,-2.1362,-1.5413,1.0253,-1.0762,-2.386,-0.2897,0.7409,-1.5847,0.1673,-0.747,-0.7095,-0.698,-0.3416,0.022,-1.9058,-0.4821,0.5795,0.0906,-1.7248,-1.2712,-1.9031,-0.4463,-1.2331,-1.7655,-1.2365,-1.9783,1.2893,-0.707,0.0973,1.0263,0.2214,-1.241,-0.5955,-0.662,-1.9512,-0.0735,-1.1292,-0.8807,-1.1379,0.0148,-1.576,-2.0129,-1.7886,-1.2932,1.5327,-1.5941,-2.4877,-1.7562,-1.1596,-0.3476,-0.8503,-1.99,-0.9309,-2.0003,0.9305,-1.9944,-0.165,-1.8734,-0.3002,-1.7048,-2.4853,0.5825,2.0354,-0.6099,-0.9686,-0.7677,-2.3991,0.1335,-2.0341,-0.3,-0.7525,-1.5741,-2.1464,-0.0997,0.6645,-3.1327,-0.5628,0.8724,-0.9393,-0.5784,0.0189,-0.2794,-1.7048,-0.8108,0.8263,0.6725,-0.3425,-0.8519,0.0032,1.8498,-0.9819,-2.2528,-1.4151,0.1663,0.9752,-0.6842,-1.3855,0.1702,0.0833,-0.811,-0.4104,-0.7698,0.1323,0.7442,-0.5796,-1.9576,-1.0665,-1.4701,-0.1334,-2.4046,-0.797,1.932,-0.867,-1.5137,-0.8773,-0.298,-2.2926,-1.9386,-0.349,-0.4727,-0.5504,-0.6953,-1.8872,-0.8853,-1.6676,-1.1858,-0.396,-0.5588,0.5365,-1.7814,0.9396
27,-1.8116,0.0755,-1.1023,1.6293,1.7278,-1.974,-0.0972,-0.9511,-0.0884,-0.7781,-0.315,-0.7627,-0.1953,1.8046,0.3566,-0.1734,0.8274,-1.1881,0.2291,0.0867,-0.8807,-1.0856,0.4617,0.3935,-0.2805,0.3398,0.361,-2.5408,0.0254,0.0037,-0.4716,-0.514,0.2717,-0.0724,-1.1236,-0.2444,-0.4604,-0.5771,0.0998,-0.8747,-1.7418,-1.3681,1.0402,-0.8063,-1.599,-2.4569,-0.511,0.2804,0.8784,-0.1427,1.6882,0.8803,0.3883,-0.2936,0.6486,-0.463,0.7828,-0.4126,-2.0843,-2.6283,-0.9294,0.0648,-0.7508,0.876,0.5709,-0.8095,1.3196,-0.0617,-1.2673,0.5847,-0.6142,-0.1219,0.4189,-1.153,-1.4771,0.9513,-1.6955,0.0006,0.2335,0.2577,-0.994,-1.1773,-0.082,-0.9937,-0.4187,-0.7711,-0.0073,-0.4598,-1.9255,-1.0874,-0.6432,-0.1602,-1.5019,-0.6949,-0.4179,0.5861,-1.2673,-0.9838,0.2158,-0.8989,-1.8483,-0.2177,-1.8898,-1.8958,-1.3254,-1.3498,-1.7886,-2.5084,-0.6681,-1.7293,-1.3712,-0.1205,-1.0877,0.3244,-1.178,-1.7946,-0.2364,-1.2698,-1.2765,0.3869,-1.8605,-1.6766,-1.4597,0.2716,-0.8776,-0.4291,-1.8195,-1.6966,-0.5078,-1.4855,0.4845,1.6752,0.0253,-0.3957,-1.0969,-1.5721,-0.1331,-1.9498,0.03,0.2791,-1.6529,-1.1667,-1.596,0.3377,-1.797,-0.7381,-0.019,-1.0662,1.1206,0.3408,0.0257,0.4086,-0.6661,-1.0868,0.1696,-0.715,-1.0103,0.8138,1.5244,-2.0859,-0.8571,-1.3183,0.2518,-0.5847,-0.3597,-1.5091,-0.4286,-0.739,0.0877,-1.0325,-1.4863,0.0033,0.2275,-1.3409,-1.4213,-1.215,-0.578,0.0867,-0.2411,-1.3356,0.0023,-0.1935,-1.037,-1.3696,-0.8081,-1.2327,-1.2238,-1.2164,-0.8315,-0.1257,-1.1967,-1.7714,-1.6518,-1.2834,-2.6187,-1.5169,0.4284,0.9665,-0.7516,-0.5229
28,-1.0969,-0.3514,-1.3831,1.491,1.6275,-2.4146,0.3545,-1.575,-0.2979,-1.6863,0.3357,-2.2867,-0.33,1.5832,0.6255,1.0933,-0.2611,-1.515,1.1349,-0.0016,-1.2751,-1.0258,0.0321,0.1323,-1.1603,-0.3598,0.3972,-3.2065,0.8531,-0.167,-0.1972,-0.0447,-0.7636,0.0314,-1.1282,-0.3147,0.3583,-0.7228,0.6005,-1.3326,-1.3843,-0.4855,-0.0006,-0.7514,-0.8389,-2.5956,-1.6281,-0.9296,0.5964,0.299,-0.0354,0.3085,0.3789,-1.0278,-0.287,0.571,-0.0347,0.3393,-1.7037,-1.1699,-0.6053,0.0714,-0.6463,1.2289,0.9163,0.002,1.2399,0.2788,-0.9509,-0.3352,-0.7226,0.7534,-0.8649,-1.2403,-0.3972,1.0103,-1.7453,-0.3453,0.3592,-0.1119,-1.2003,-0.991,0.3635,-1.3186,-0.294,-0.2606,0.1528,-0.5868,-1.6923,-0.6375,0.0444,-1.5916,-1.1429,-1.3863,-1.1081,1.3455,-0.1963,-0.73,-0.1619,0.3552,-1.0642,-0.3219,-1.9951,-2.2986,-0.1935,-1.7626,-0.7883,-1.6,-0.528,-0.8101,-1.6961,-1.6896,-1.4321,1.1034,-1.0791,0.1363,-1.9449,-0.8735,-0.8384,-0.3732,-0.8007,-1.8282,-1.204,0.315,-1.623,0.2589,-1.7796,-0.6788,-1.1233,-1.2598,0.778,1.4434,-0.6747,-0.5646,-0.7253,-1.4992,0.3587,-0.7892,-0.0886,-0.4549,-2.2576,-0.7644,-0.7811,-0.2987,-2.6722,-0.8877,0.508,-0.6451,-1.7892,-0.6655,0.0229,-1.8965,-0.6968,-0.1563,0.5788,-0.4886,-0.5275,-0.3256,1.3635,-0.7457,-0.9414,-1.3235,0.0392,-1.1463,-0.2618,-1.1987,-0.0063,-0.1665,0.1952,0.173,-0.2857,0.0387,0.4001,-0.4527,-1.2787,-1.257,-0.8086,0.2934,-0.5219,-0.3653,1.3795,-0.5147,-0.9155,-0.4401,-0.5807,-1.1429,-1.615,-0.1765,-1.1233,-0.544,-0.7402,-1.4309,-1.3009,-0.6121,-2.0786,-0.4479,-0.9574,0.5057,-1.2841,0.5025
29,-1.152,0.1715,-0.9561,1.433,1.8249,-1.2286,0.8093,-1.2979,-1.055,-1.0662,0.4229,-1.5616,-0.2928,1.8233,0.115,-1.0337,0.3553,-1.2,-0.9989,0.5279,0.0299,-1.8134,0.645,0.8049,-0.1218,-0.6785,-0.3491,-1.0225,0.4968,0.5805,-0.6167,-0.3476,-0.0484,-0.8391,-0.2444,-0.1359,-0.4098,-0.2259,-0.1506,-1.5901,-2.7016,-0.6142,-0.2513,-0.4597,-1.3075,-1.6084,-0.7901,0.2045,0.1976,0.3299,1.1455,0.3059,-0.0261,0.8469,0.2722,0.8474,0.8585,0.3242,-0.9655,-2.0667,-0.9742,-0.6908,-0.3835,0.5385,-0.2492,-0.3098,0.6199,0.0819,-1.6793,1.242,-0.9345,-0.2536,-0.0051,-0.5902,-1.274,0.1759,-2.1919,0.2151,-0.8126,0.4305,-1.2438,-0.6874,-0.9046,0.1619,-0.7963,-1.5006,-0.3205,-1.2913,-2.5823,-0.0393,-0.4852,-2.8235,-1.2107,-1.1065,-0.3238,1.1504,-1.1056,-0.5879,0.371,-0.0446,-2.4079,-0.8649,-1.3119,-0.9657,-1.8042,-1.6513,-1.3288,-1.1504,-1.3673,-2.0762,-0.7472,-1.3923,-1.916,0.8093,-1.3231,-1.4209,-1.0909,-1.2023,-1.208,0.6487,-0.405,-1.5559,-0.5263,1.1681,-1.7976,-0.6004,-2.1253,-0.1615,-1.6634,-1.7481,0.3845,1.7346,-0.3376,-0.616,-0.0687,-1.7731,-1.4473,-0.591,-0.5182,-0.0636,-2.1295,0.019,-0.9668,0.1917,-1.3425,-0.4328,0.4351,-0.9734,0.655,0.4668,-0.2576,0.6003,-1.2848,-1.5726,-0.3651,-2.577,-0.9054,0.7997,0.1369,-1.5799,-1.041,-1.1767,0.4782,-0.225,-0.3038,-0.8723,0.0297,-0.7284,-0.7501,-0.7417,0.4069,-0.8333,0.3391,-0.8255,-0.948,-0.2612,-0.1655,0.2408,0.2861,-2.0054,0.6779,-0.8223,-0.9623,-1.6815,-0.5199,-0.3833,-0.8054,-0.011,-0.2767,0.1696,-1.018,-1.9352,-1.9386,-0.9806,-1.9569,-1.0779,-0.7002,0.0915,-0.4628,-1.2033
30,-1.0484,0.3784,-0.6127,1.1784,1.4285,-2.7458,1.0269,-1.4065,-0.7036,-1.7142,1.1249,-1.3394,-0.9697,1.4353,-0.7941,-1.8598,-1.6342,-2.5345,-1.012,0.0587,0.1571,-0.079,1.1479,-0.566,-0.1364,-0.155,0.6308,-0.8426,0.689,0.5053,-0.5902,-1.3101,0.3006,-0.0489,0.108,-1.6104,0.3096,0.4062,-0.3578,-1.2167,-2.4522,-1.5237,-0.4365,1.1072,-1.0747,1.2634,-0.2922,0.5275,0.0655,-1.3972,0.7589,-0.9375,0.0521,0.538,-1.1734,0.0048,-0.9636,-0.209,-0.0314,-1.6435,-1.0945,-0.2674,0.1098,-0.9951,-0.6549,-0.198,0.8406,0.258,0.3256,-0.3929,-2.1559,0.3045,-0.0083,-0.5953,-1.876,0.2136,-2.3476,0.0783,-0.633,0.0854,-2.6118,0.7155,-0.4515,-0.3936,0.7212,0.1559,0.7454,-0.3436,-2.1194,0.0194,-0.3116,-0.2013,-0.8704,-1.2344,0.419,0.9245,-1.3027,-0.5162,-0.0318,-2.4146,-2.0425,0.6821,-1.8202,-3.2861,-0.4622,-2.0723,-1.7952,-0.004,-0.1875,-0.8368,-0.7612,-0.823,-2.7046,1.4092,-2.4102,-0.789,-0.7119,-1.1123,-0.6145,0.2126,-1.998,-0.8356,-2.5345,-0.0214,-2.191,-0.2608,-1.6906,-1.62,-2.8035,-0.6739,-0.0625,1.1312,-0.466,-1.1438,0.2363,-0.1411,-2.7046,-1.152,0.4477,0.5954,-1.1224,0.1246,-0.0721,0.4981,-1.1323,-0.9111,-0.0905,-0.9266,-0.2193,-0.1023,-0.5314,-1.9058,-1.7585,0.4034,0.6891,-0.6143,-1.4217,-0.474,-1.1944,-0.6294,-0.4299,-1.0756,0.0843,-2.2127,-0.0019,0.2889,0.3037,-0.1892,-0.0375,-0.0868,1.1129,-0.8538,-0.4835,-1.1571,-3.3354,-0.9964,-0.1666,-0.6158,0.5902,-0.2492,0.5693,-1.2043,-1.9995,-0.8723,-0.6461,-1.6628,-0.9233,0.8329,-0.9091,0.1692,-0.2087,-2.4592,-1.8905,-1.3963,-0.0122,-0.7565,-0.1802,-0.3896,-0.1597,-0.4928
31,0.3691,-0.6503,-0.6066,1.5922,0.6174,-1.8892,0.5087,-1.0478,-1.6734,-1.1026,-0.9426,-1.4727,-0.0848,2.4316,0.0206,-0.6597,-0.9721,-1.2598,-0.3309,-0.8169,0.2808,-1.2591,0.5704,0.3864,0.2135,-0.4716,-1.1463,-0.8303,0.9515,-0.0437,-0.0917,0.535,-0.3935,-1.6745,-0.1354,-0.0869,-1.5137,-0.7181,-0.8788,0.4031,-1.5659,-1.4619,0.2106,0.0946,-1.3498,-1.779,-1.5069,1.2738,0.1346,0.9585,-1.865,0.4178,-0.333,1.0515,-0.1219,0.8655,0.26,0.9216,-0.3863,-1.8208,-0.9684,-1.0147,-0.2783,1.3209,0.7824,-1.6384,0.0141,-0.4616,-0.6411,0.6156,-0.2377,1.0606,-0.5975,-3.11,-1.1026,-0.3973,-1.5731,0.6816,-0.9867,0.1398,-3.0303,-1.5872,-0.5755,-1.8859,-1.1963,-1.1874,-1.4606,-2.418,-1.0419,-1.7395,-0.7674,-1.7424,-1.3345,0.1362,0.9315,1.0176,-1.3394,-0.1396,0.3067,-0.3496,-1.2588,-0.1845,-1.2932,-1.876,-1.5357,-1.624,-1.794,-0.801,0.7883,-1.8183,0.2506,-0.9545,-0.6094,0.0152,-0.724,-0.0837,-1.3779,-1.6713,-0.9327,0.5359,-1.3463,-1.398,-0.8153,0.7911,-1.712,0.6194,-1.0657,-1.5867,-1.6772,-1.6353,1.1714,1.974,-1.3992,-0.0387,-0.9322,-1.5955,0.3189,-1.232,-0.3592,0.2567,-0.0845,-1.2462,-1.7059,1.2599,-1.4057,0.0983,0.4426,-0.9918,1.0972,0.3322,0.6072,-0.2674,-0.8651,-2.8051,-0.6864,-1.6069,-0.9723,-0.5095,1.3679,-2.3881,-0.5641,-1.8452,1.2626,-1.4073,-0.1469,-1.6628,-0.2234,-0.991,-1.0785,-0.9602,-0.4616,-0.0949,0.2561,-0.6206,-2.7903,-0.6976,-0.1943,-0.5702,0.0831,-1.4172,-0.9848,-2.2936,-0.6964,-1.8282,-0.8012,-0.8677,-2.0425,-1.5173,0.4517,-1.8202,-1.1696,-1.0838,-1.3205,-0.6915,-2.8302,-1.5804,-1.8767,0.6243,0.1269,-1.0255
32,-0.5626,-0.1563,-0.672,1.0613,1.3193,-1.7522,0.4221,-0.8987,-0.7857,-0.7472,0.1016,-0.7956,-1.0841,2.1094,0.0141,-0.0856,0.1918,-1.6155,-0.6009,0.685,0.0182,-2.7001,0.8067,0.4228,-0.0422,0.2164,-0.4996,-0.9473,0.6728,-0.3829,-0.5787,-0.0348,0.0155,-0.6362,0.5767,-0.2653,0.6621,-0.0599,-0.0809,-1.2307,-2.6693,-1.0342,0.3306,-0.374,-1.9065,-1.1911,-1.2997,0.4681,0.8154,-0.2244,0.8824,-0.6814,-0.4639,0.5725,0.4146,1.0926,0.1637,0.1686,-1.0844,-2.0794,-1.1722,-0.2708,-0.3002,1.3414,0.6547,0.0132,-0.0048,0.624,-1.2033,1.0582,-1.1273,0.0882,-0.6112,-2.2303,-1.8067,0.6255,-2.4592,0.8881,0.4063,0.8933,-0.8343,-1.0018,-0.3376,-0.8923,-1.7305,-0.7668,-0.6073,-2.7839,-4.7217,-0.9403,-1.1558,-1.0996,-1.3976,-0.6246,-0.254,1.4531,-1.0791,-0.8543,0.4324,-0.3695,-3.163,-0.7813,-2.5823,-2.6809,-2.1689,-1.9477,-1.455,-1.5302,0.2644,-2.3444,-0.3926,-1.5105,-0.8909,0.8985,-1.5659,-1.1793,-1.9228,-1.0101,-1.7844,0.4306,-1.8073,-2.0875,-0.6371,1.3689,-3.4999,-0.3345,-2.386,-1.7708,-1.666,-2.8302,0.9359,1.8634,-0.0864,-0.3176,0.4728,-1.8754,-1.4263,-1.1689,-0.1591,0.2263,-0.3761,-1.0419,-0.7463,1.2106,-1.8433,-0.3953,-0.0294,-0.847,0.9862,0.5027,0.1247,0.3903,-0.9342,-2.4418,0.5048,-2.4604,-0.5012,1.356,0.8705,-1.9386,-1.4041,-1.8702,0.2608,-0.8962,-0.4792,-2.1768,-0.0011,-1.3771,-0.5027,-1.4094,0.2647,-1.1338,0.611,-1.0306,-1.6713,-0.8531,-0.9779,0.4579,0.3131,-2.3392,0.7165,-0.5067,-1.4632,-1.9173,-0.2497,-1.4255,-0.516,-0.0163,-0.7625,0.0476,-1.2026,-2.7031,-2.4889,-1.3907,-3.2888,-1.1017,-0.4991,0.3545,-0.4394,-1.4705
33,-0.3776,0.2184,-0.7402,1.2538,1.1065,-0.8228,0.8895,-1.7562,-0.7636,-0.9501,1.1228,-0.4237,-0.4265,1.5082,0.2569,-1.241,-2.4035,-2.3838,0.0266,0.2904,-0.1689,0.0268,1.3304,-0.5991,-0.7484,0.3578,0.5717,-0.416,-0.138,1.1136,-0.3069,-0.4747,0.6097,-0.3488,-0.4374,-0.9414,0.0649,-0.4154,-0.3876,0.2385,-1.1574,-0.0111,-0.5375,0.6604,0.6803,-1.1178,-1.6261,0.2142,0.4184,0.233,0.5485,0.2061,-1.2972,0.5322,-1.6134,0.7217,-0.8442,0.4238,0.8613,-0.448,-0.3741,-0.0416,0.0551,0.0821,0.0299,-0.1046,0.1613,0.3645,-0.0692,-0.4322,-0.4953,-0.0223,-0.4387,-0.6192,-1.3201,0.0842,-1.0829,-0.0772,-0.3496,0.3658,-2.7985,0.6023,-0.6466,-0.0487,-0.3882,0.4783,-0.264,-0.8468,-1.602,-1.2577,-0.0149,-0.0986,-0.7506,-0.4981,0.3177,0.1885,-0.7273,0.4068,0.8929,-1.3823,-1.5498,1.1663,-2.2916,0.6719,-0.6153,-2.1103,-1.0963,0.1345,-0.1688,-0.9243,-0.2577,0.0475,-1.6384,-0.2627,-2.2769,-0.0838,-1.5602,-1.1536,-0.5754,0.5336,-0.6838,-0.5258,-1.4089,-0.0122,-1.974,0.4962,-0.7329,-0.2537,-0.8352,-1.5348,0.5503,0.8682,0.077,-0.6383,0.6627,0.1976,-2.5485,-1.3661,-0.7121,0.4489,1.4106,-0.2308,-0.5175,0.8793,-1.2259,-1.2368,-0.7191,-1.1536,0.5917,0.1277,-0.0569,0.0084,-0.7741,-0.2203,0.0977,-0.6844,-0.0289,0.8058,-0.0583,-0.7976,-0.4003,-0.3845,0.5817,-1.7773,0.0287,-0.7271,0.217,-0.3541,-0.1225,-0.851,0.6916,0.1988,-0.7315,-0.8604,-2.7662,-0.6296,-0.3267,-1.2783,-0.6447,-0.9734,0.1844,-1.4554,-1.5178,-1.295,0.0838,-1.0101,-1.262,1.1751,-0.2314,-0.2676,-0.1691,-2.4418,-1.7048,-0.6663,0.1849,-0.1927,0.5186,0.4834,-0.6724,-0.2653
34,-1.2658,0.28,-0.5574,1.6,1.9273,-1.6482,0.7899,-1.5228,-0.6097,-2.0152,0.6243,-0.9862,-0.3686,1.978,1.026,1.8554,1.4561,-1.9633,1.7954,0.3475,0.3703,0.3235,1.1695,0.3134,-1.3034,-0.475,-0.505,-0.8025,1.2404,-0.1766,-1.004,0.7395,0.1368,-0.4157,-1.1279,-0.6663,0.6021,0.8552,-0.1624,-0.7447,0.9977,-0.7661,-1.9099,-0.2784,-0.3438,0.1619,-0.4917,0.7591,-1.4024,0.5543,-0.1916,0.9864,0.0547,0.5285,0.6101,0.5388,1.189,0.3705,-0.6769,-1.6394,-1.438,-0.0815,-0.7998,1.535,-0.3415,-1.0892,1.5969,0.1963,0.6661,-0.3613,-1.2809,0.4829,-2.1481,-1.1973,-0.0296,-0.3515,-1.5578,-0.0195,-0.2637,0.9651,-1.1053,0.2083,0.0429,-0.715,0.1696,-0.5302,0.3777,-1.0376,-1.0561,-1.1699,-0.7238,-0.831,-1.4775,0.0924,-0.5317,0.4267,-1.4675,-0.0579,0.1084,-0.9867,-0.4519,-0.0464,-1.3284,-0.3356,0.237,-1.3959,-1.4041,-1.6576,-0.6136,-0.3515,-1.7131,-0.2111,-1.1332,1.048,-2.0518,0.0003,-0.9143,-1.1432,-0.0624,1.4235,-1.8618,-0.7459,-0.2515,0.8899,-1.3345,0.4651,-1.322,-0.0255,-2.8404,-1.6879,-0.5929,1.7138,0.3395,0.399,-1.1777,-1.5242,0.0746,-0.8675,-0.7115,0.2706,1.1251,-0.5929,-1.2895,0.8915,-0.9251,-1.0587,0.0653,-1.1845,-0.5143,-0.2826,-0.9014,0.9848,-1.0147,0.0788,0.4632,-0.5037,-0.2025,1.2879,-0.2654,-0.3011,-0.3405,-1.446,-0.7396,0.2067,0.066,-0.6214,0.5344,1.5133,-0.0748,0.3542,0.3182,0.1707,0.8335,-0.092,-0.1021,0.323,-1.4118,-0.4747,0.1781,-0.5679,0.9746,-1.0657,-1.085,-0.8185,0.5189,-0.1745,-0.7501,-0.5473,-1.5789,0.1288,-1.2848,-0.013,-1.1147,-0.7537,-0.2432,-0.9519,0.3686,1.1755,-0.7815,0.6401
35,-1.0579,0.4121,-0.3582,1.3527,1.6226,-1.1622,0.6254,-1.1068,-0.5261,-1.7418,-1.6539,-1.1625,-0.438,1.6094,0.9913,1.3764,1.0448,-1.969,1.4376,-0.195,1.041,-0.0903,1.1348,-0.3335,-1.4155,-0.5194,-0.5693,-1.402,1.464,0.2626,-0.3782,0.446,0.0798,-1.0665,-1.4571,-0.6151,0.6468,-0.2554,-0.84,-0.2546,-0.4254,-0.7548,-2.4998,-0.4614,-0.4062,0.0348,-1.2113,1.2534,-1.0438,0.4443,-1.0461,1.0864,-0.4732,0.8334,-1.5654,-0.2818,-0.4343,0.6916,-0.4722,-1.1023,-0.7257,-1.1858,-0.4111,1.1458,-0.104,-1.0303,1.3495,-0.0849,-0.3291,-0.1018,-0.9375,0.6372,-0.9493,-1.6665,-0.1825,-0.5595,-1.1426,-0.0786,-1.2266,-0.239,-1.428,-0.07,0.4767,-0.7504,0.6976,-0.5285,0.3243,-1.0131,-0.88,-0.9019,-0.653,-1.7137,-1.8295,-1.3748,0.4415,-0.051,-1.2917,0.3929,0.7331,-0.4706,-1.9038,-0.0192,-0.5271,-0.3608,0.0392,-1.8799,-1.0633,-1.6703,0.0169,-0.936,-1.7773,-0.0066,-1.7037,0.6258,-1.7384,0.1583,-0.9907,-0.7306,-0.0252,0.4761,-1.2327,-0.7932,-0.6035,0.4836,-0.8816,0.6875,-0.4199,-0.507,-2.7334,-0.7346,-0.146,1.4837,-0.5132,0.497,-0.991,-1.2553,0.3281,-0.9424,-1.1696,0.5754,1.2823,0.4415,-1.3467,1.1964,-1.3112,-1.4494,-0.0153,-1.5493,0.2475,-0.45,-1.666,-0.1816,-0.9678,-0.1797,-0.0369,-0.7413,-0.4011,0.4664,0.1521,-1.372,-0.5073,-1.5246,0.0885,-0.7826,0.8116,0.1079,-0.2503,0.4777,-0.9155,0.6232,-0.4917,0.6767,0.7699,-0.4415,-0.4766,-0.2685,-1.5936,-0.9991,-0.0035,-0.3274,0.6619,-1.3145,-0.8975,-0.7853,-0.0342,-0.744,-1.5087,-0.0954,-1.193,0.0879,-0.7787,-1.018,-1.2204,-0.3988,0.1522,-1.2979,0.357,0.8466,-0.8158,0.3301
36,-0.4436,-0.2035,-0.5987,1.0068,1.9583,-1.2542,-0.5595,-0.9498,-0.5716,-1.196,-1.0619,0.1764,-0.7373,1.8715,0.1936,0.4147,1.1054,-2.3958,1.8059,-0.6974,0.5444,-0.7642,1.5956,-0.437,-0.6186,-0.4452,-0.0234,0.0634,1.3683,1.0072,-0.937,-0.7232,-0.1645,-1.3556,-1.5649,-1.2147,1.2839,-0.2708,0.0593,0.0779,-1.2303,-1.2787,-2.0915,0.7744,0.0936,-0.382,-0.24,0.5679,-0.4245,-1.1132,-0.873,0.6554,-1.9922,-0.0545,0.3411,0.1482,-0.6868,-0.3816,-0.1754,-0.4092,-0.1908,-1.0368,-0.9718,0.4297,0.4842,-1.1967,0.4929,-0.2789,-0.4137,-0.6244,-0.7976,-0.5656,0.4695,-1.116,0.5637,-0.6332,-0.5351,-0.5057,-1.8767,0.4595,-2.127,-0.5872,-0.124,-0.8061,-1.0048,-0.0664,-0.3412,-1.5096,-0.3679,-2.0675,-0.9784,-1.2884,-1.576,-0.3172,0.718,0.092,-1.1664,-0.4243,0.2394,-1.3179,-1.8579,1.599,-1.2327,0.7648,-0.3094,-1.8721,-0.8716,-1.803,0.7141,-0.5295,-1.4053,-0.0644,-1.5091,0.6257,-0.7423,-0.346,-1.1523,-0.8809,-0.5773,1.0009,-1.2972,-1.2266,-1.0898,0.2569,-1.5578,0.0499,-0.5658,-0.234,-1.3367,-0.5574,0.3877,1.4575,-0.5729,0.4634,-0.4322,-1.6772,0.7799,-1.2113,-1.1731,0.7301,1.8063,-1.0538,-1.2899,0.7289,-1.4503,-0.7449,-0.6404,-1.837,0.4217,0.2617,-1.313,1.0485,-0.8938,-0.4345,-0.2016,-0.8214,-0.443,0.4798,1.3282,-1.16,-0.7983,-1.5182,0.2889,-1.4925,0.1535,-0.0133,0.5247,0.4741,-1.5187,-0.6956,-0.4884,1.278,-0.0241,-0.559,-1.2403,-0.2292,-0.2934,-1.0098,-1.4606,-0.1189,0.959,-1.7928,-1.2588,-1.0402,-0.5555,0.3317,-1.2532,-0.084,-0.07,-0.3846,-0.4427,-1.4688,-1.4135,-1.0535,-0.2589,-1.0724,0.5522,-0.1867,-0.3938,-0.4905
37,-0.0069,0.7355,-0.7612,1.7204,2.0785,-0.9431,0.4891,-1.0718,-0.45,-1.0785,0.4699,-0.0777,-0.2875,2.0982,0.5558,1.4289,1.0953,-1.6713,1.1309,-0.2729,-0.1808,0.2511,1.3445,0.5016,-0.1953,-0.0298,0.7103,0.7585,-0.2421,0.166,-0.1265,0.0201,0.4339,-1.6565,0.2038,0.0899,0.5255,0.6977,-0.8027,-0.0004,0.7082,-1.5223,-1.2705,-0.6996,0.2716,-0.2873,-0.6763,1.4595,-0.459,-0.0144,0.1401,0.9652,0.5149,1.4966,0.6764,0.1516,-0.6055,-0.0013,0.0324,-0.502,0.3405,-0.4003,0.6187,0.4353,-0.5935,-0.6356,0.5426,-0.3462,0.3007,-0.3845,-1.0098,0.1234,0.3195,-0.0808,-1.25,0.5153,-1.4692,-0.9054,0.4953,-0.8538,-2.1388,-0.1342,-1.0481,-0.8338,-0.8668,-0.8313,0.4452,-1.1673,-1.2895,-1.0859,0.1133,-0.1464,-1.5765,-0.4673,0.3128,0.8959,0.1602,0.2502,1.2423,-0.9715,0.028,1.7806,-1.2187,0.4607,-0.4198,-1.8085,-1.3867,-0.8514,0.5109,-1.3907,-0.7978,1.8798,-1.2521,0.3731,-1.6205,-0.6814,-1.4147,0.2865,-0.4402,-0.5384,-1.2595,-0.6192,-0.9816,0.5279,-1.5502,0.2375,-0.4657,-0.7369,-1.5616,-1.411,0.2451,1.9802,-0.9203,-0.0405,0.5573,-0.8242,0.1861,-1.0172,-0.1241,0.8909,1.9679,0.0894,-0.4992,1.4064,0.0803,-0.9822,-0.6037,-1.4355,0.6643,0.597,-1.8643,1.0145,-1.3536,0.044,-0.005,-0.4363,-1.0794,1.1642,1.208,0.0202,-0.1041,-1.2279,0.5488,-1.4645,0.0049,-1.1492,-0.519,0.5398,-0.5848,-0.4231,0.0371,0.5445,0.986,-0.5984,0.1082,-0.5748,-0.7548,-1.9856,-0.3763,-0.8865,0.6822,-1.0379,-1.0233,-0.8324,-0.0586,-0.8833,-1.0547,0.2609,0.0997,-0.3776,0.1478,0.0481,-1.2083,-0.6886,1.6306,-0.1491,-0.1548,1.236,-1.0779,0.9337
38,-0.4119,0.4204,0.0294,2.0687,2.4012,-0.9175,0.3981,-0.9442,-0.4886,-0.7599,-0.1543,-0.3508,-0.5199,2.2888,0.2175,1.1126,1.8808,-0.8759,0.3773,0.3109,-0.2905,-0.6463,-0.0277,0.1273,-0.9145,-0.4187,0.5693,-0.6669,1.0314,-0.6088,-0.3721,0.6562,0.661,-0.2454,0.1039,-0.6842,-0.5014,-0.5168,-0.4532,-0.3721,0.2589,0.7185,-0.8354,-0.3945,0.0615,-0.3402,0.0534,1.6572,-0.1987,0.3016,0.2401,0.4366,0.2506,0.6508,1.7139,0.2566,0.5523,0.7567,-0.7038,-1.2841,-0.5581,-0.5591,0.9603,0.2379,0.453,-0.7396,0.608,-0.2869,-0.616,-0.1154,-0.4242,0.4872,-0.7586,-0.9959,-0.7136,-0.3829,-0.7546,0.0015,-0.5656,-0.4311,-0.8606,-0.3197,-0.6302,-0.3235,0.3778,-0.4874,-0.3082,-0.3562,-0.9299,-1.0247,-0.3026,-0.1907,-1.0292,-0.0982,0.2365,-0.1883,-0.7404,0.2746,0.6203,-0.5158,-0.6956,-0.4042,-0.9945,-0.0361,-0.5501,-0.997,-1.179,-1.3097,0.4965,-1.159,-0.7781,0.7472,-1.0217,-0.3763,-0.8642,0.1045,-1.018,-0.8447,-0.9447,0.5711,-0.6466,-0.9584,-0.6704,0.6828,-0.8482,0.4388,-1.0272,-0.7945,-1.0889,-0.7236,0.4892,1.872,-0.6896,-0.5312,-0.6476,-0.7696,0.0075,-1.2023,-0.7438,-0.1344,2.2941,-0.7199,-0.8361,1.3472,-0.6777,-0.4882,0.0967,-0.9897,0.6245,1.2246,-0.9522,-0.3072,-0.4971,-1.2943,-0.3061,-1.0046,-0.8079,0.6321,0.7946,-0.4479,-0.3105,-0.8687,0.3107,-0.2842,0.3422,-0.6103,0.1133,-1.0473,-0.5798,-0.5451,-0.0031,-0.3314,-0.0119,-0.6046,0.6712,-0.508,-1.2935,-0.7455,0.0845,-0.7886,0.8483,-0.486,-0.9238,-0.9408,-0.6234,-0.9378,-0.7111,-0.6304,-0.1872,-0.3911,-0.9431,-1.0046,-1.2553,-0.9718,0.1855,-1.115,-0.5605,0.5534,-0.9729,-0.2497
39,-0.1453,0.2278,0.0068,1.3967,2.4383,-1.9922,0.0902,-0.8255,-0.0933,-1.0788,0.7691,0.1933,0.178,2.4892,-0.8623,-0.1228,-0.5207,-1.4894,0.9307,0.0051,-0.7958,-0.939,0.8163,0.1735,-0.0531,0.8135,1.2869,-0.3927,0.5082,1.3607,0.9635,-0.3216,-0.1427,0.655,-0.4192,-0.4002,0.672,0.6421,-1.0981,-0.2832,0.7362,0.6029,-1.0342,0.3269,0.1692,-0.0569,-0.0026,0.8304,-0.4743,0.0568,1.2276,0.5777,0.9934,0.2123,1.1426,0.6458,-0.282,0.7608,1.2984,-2.4581,-0.0724,-0.8237,0.7799,0.9534,1.03,-0.6341,1.0581,0.222,0.8339,-1.4727,-0.837,-0.0096,-0.5217,-0.8583,-0.8882,0.0796,0.0028,-0.6125,-0.4353,-0.5095,-1.623,0.8362,-0.5113,-0.3164,-1.2805,0.5947,-0.8255,-2.6593,-0.6061,-2.357,-0.4393,-0.9991,-1.5693,-0.3641,-0.6006,0.3216,-0.7914,0.0668,1.1318,-0.5699,-0.6062,0.1881,-1.8832,0.1592,-0.3172,-1.2266,-1.2448,-0.0697,-0.0197,-1.9078,-0.2188,1.4826,-0.6718,0.9485,-0.797,-1.4767,-1.4397,-1.0219,-0.7842,0.4698,-2.6722,-0.7508,-2.4925,1.5243,-1.769,-0.0255,-1.053,-0.8081,-1.4533,-2.8387,0.3457,0.6919,0.1136,-1.7844,-0.4242,-2.1095,0.0418,-2.6986,-1.1448,0.587,2.4115,-3.0262,-0.5836,1.7423,-0.5926,-0.3607,-0.7379,-2.2509,0.4853,1.5912,-0.6733,-0.0905,-0.0851,-0.2096,0.1919,-0.0136,-0.3023,1.2526,0.3979,-1.088,-1.9966,-1.4288,0.2254,-0.2391,-0.8214,-3.3932,-0.1043,0.477,-0.4353,-1.2812,-0.2113,0.2667,0.892,-1.2917,-1.8351,-2.176,-1.1242,-1.3716,-2.7806,-1.0803,1.87,-0.6499,-1.3748,-1.3246,0.0998,-1.112,-1.6988,-0.8814,-0.1794,-0.9782,-0.1539,-0.687,-0.8892,-2.4581,0.497,-0.5518,0.0764,1.7208,-1.6291,-0.1808
40,0.3647,-1.1075,0.068,-0.5261,-0.2449,-2.1328,-0.0792,-0.9281,-0.8928,-1.3653,-0.8146,-0.096,-1.1514,2.9436,-1.0101,2.3218,1.2372,-1.1354,1.2838,-0.1533,-0.7373,-0.5975,1.6174,-0.109,-0.8505,0.1766,-0.9246,-1.5169,0.2509,0.0049,-0.475,0.1929,-2.4592,-1.037,-0.9367,-1.085,0.3454,-0.2704,-1.7898,-1.0433,0.8975,0.1802,-1.8214,-0.5686,0.5971,-0.2492,-0.7211,0.3937,0.0473,-0.7178,0.524,0.5641,-0.6116,-0.3323,1.7307,0.1441,0.8996,0.8163,-0.2563,-2.0464,-0.5729,-0.4205,0.9239,0.9386,0.2183,-1.0286,1.0127,-0.0213,-0.3491,-0.1439,-0.2216,0.5447,-1.6644,-1.5554,-1.0018,-0.96,-0.7392,-0.8514,-1.1967,-1.5507,-0.979,-0.3476,-0.4933,-1.6923,-0.408,-0.4511,-2.0723,-1.3337,-0.7207,-1.3364,-1.9386,-0.6491,-1.3614,-0.2817,-1.8786,-0.754,-0.2805,0.8831,0.7067,-1.4477,-1.0495,0.9339,-1.8036,0.4613,-0.0626,-1.3448,-1.3356,-1.474,0.4234,-1.4486,-1.291,0.733,-1.1218,-0.6383,-1.0365,-1.1852,-1.8905,-0.6718,-1.3224,-0.9233,-1.4645,-1.1429,-0.8285,1.0523,-1.8295,-2.3613,-0.7813,-0.2394,-1.3696,-1.9988,-0.1606,1.5489,-0.8317,-1.0877,0.529,-1.2493,0.6881,-2.1447,-1.4102,-0.1784,2.9107,-0.4639,-0.291,2.4666,-0.9281,-1.3123,-1.4939,-1.4563,-0.114,0.4403,-1.0008,-0.7672,-0.8742,-0.7921,-0.653,-1.0269,-0.4447,0.8736,1.3758,-0.598,-1.3356,-1.0253,-0.1803,0.594,0.0303,-1.4188,-1.032,-0.3103,-1.2776,-1.0521,-2.1611,-0.0223,0.7801,-1.4159,-1.9099,-0.6593,-1.4393,-0.9739,0.2607,-1.5611,0.8483,-1.3976,-1.9505,-1.0636,-0.5319,-1.3448,-2.1707,0.0925,1.3999,-1.9892,-0.7129,-0.2284,-0.9021,-1.4507,0.9134,-0.7781,0.2594,0.1966,-1.9065,-0.1135
41,-0.6081,0.5372,-0.7857,0.7185,2.3933,-1.7384,0.7529,-0.508,-1.1689,-0.2564,0.7811,0.1398,-0.0066,2.3676,0.2216,1.0115,0.6297,-0.5093,1.2333,-0.245,-0.4912,0.6548,0.9793,-0.3338,-0.3939,0.5381,0.5664,0.1474,0.5086,1.1589,-0.0999,0.3414,0.144,-0.755,0.0652,-0.4006,0.189,0.6705,-1.206,-1.2066,0.7354,0.3307,-1.3575,0.5802,0.6321,-0.6798,-0.3159,1.0629,-0.8611,0.6896,0.5689,0.9066,-0.6858,1.1004,-0.0843,-0.5001,0.2987,0.9041,1.1658,-1.5804,-0.1642,-0.8267,0.8689,0.163,0.4998,-1.2117,0.825,-0.2621,-0.3418,0.3789,-0.0744,0.5882,-2.0972,-0.6279,-0.7689,-0.8573,-0.7279,-0.5574,-0.3591,-1.929,-1.8773,0.598,1.414,-0.2842,0.2433,-0.1462,-0.0394,-0.4065,-0.8673,-1.3505,0.3087,-0.8665,-1.5621,0.3723,0.1596,0.3529,0.2232,0.6157,0.8026,-1.7048,-0.3821,0.493,-1.5941,0.166,0.2599,-0.4308,-1.6286,-0.4331,0.0992,-1.5279,0.1148,1.2789,-0.592,0.7071,-0.724,-0.5112,-1.9951,-0.611,-0.8685,0.9701,-0.9752,-1.1264,-1.2279,0.9754,-2.4557,0.9364,-1.043,-0.4146,-0.9026,-1.6327,0.2762,1.8853,-0.8405,-0.6307,-0.4798,-1.1273,0.3569,-1.5348,-1.5283,0.5017,2.2518,-0.2467,-0.9715,1.4818,-0.6164,-0.5933,-0.9324,-2.0182,0.244,1.123,-1.1035,-0.5067,-0.6539,-0.6491,0.0442,-0.2889,-0.9602,0.7311,0.8408,-0.6685,0.1585,-0.9034,-0.0734,-0.4491,0.3784,-0.7707,-0.1739,-0.2441,-0.2467,-0.0944,0.4871,0.4715,0.2239,-0.355,-1.3112,-0.4227,-0.594,-1.1501,-0.6518,-1.3851,1.8661,-1.0348,-1.4524,-0.8146,-0.4928,-1.1476,-1.9338,-0.3531,-0.0467,-0.9652,0.332,-0.3381,-1.4554,-1.0706,-0.2419,-0.3223,0.1204,0.412,-0.913,0.2683
42,-0.1454,1.0451,-0.9671,1.0938,1.6809,-1.2324,0.1579,-2.3147,-0.2601,-1.0214,0.6788,0.1183,0.7884,2.0518,-0.5162,-0.6147,-0.5768,-0.2451,1.3233,0.1404,0.1162,-0.2523,1.0288,-0.3188,1.0545,0.606,0.0696,0.3011,-0.1628,1.1787,0.6859,-0.8319,-0.21,-0.7696,0.5371,-1.0203,-1.2455,0.4157,-0.2838,-1.0438,-0.0408,0.4952,-0.7901,0.1252,0.8584,-1.954,0.8432,-0.4065,-0.3402,-0.8611,0.9313,0.8362,1.2012,0.9955,0.6919,-0.4798,-0.8315,0.3353,0.1813,0.1019,0.5119,-1.9805,0.9737,-0.6451,0.6331,-0.9163,1.6313,-1.068,0.3546,1.065,-0.8158,0.2954,0.6522,-1.5568,-2.5421,0.1463,0.2047,-0.7903,-0.107,-0.701,-2.0948,-0.1079,-1.2783,-0.4748,0.607,0.3347,-0.005,-0.9036,-0.4038,-2.3207,0.3008,-1.2924,-1.4997,0.1802,0.7837,-0.0241,-0.1114,0.4686,0.2442,-2.0077,-0.5962,0.3138,-1.8978,1.356,-0.7903,-1.7661,-2.0003,-0.5748,0.2601,-1.8618,-0.1643,1.0508,-1.5887,-0.3102,0.9854,-1.622,-2.3602,-0.4289,-0.4045,0.809,-2.5601,-0.739,-1.5955,0.3621,-1.9922,1.2323,-1.5775,-0.0877,-2.0683,-1.6353,0.7891,0.5005,-0.9961,-0.6024,-1.055,-1.2687,-1.3444,-2.0667,-0.2663,0.1825,1.6953,0.1108,-1.045,0.8004,-1.5367,-0.5859,-0.5789,-1.794,0.1908,1.5571,-0.5276,0.647,-0.1947,-0.8223,-0.5686,-0.9009,-1.2546,0.3398,-0.1327,-1.9569,-0.775,-1.7499,0.1866,-1.0829,-0.7294,-0.8442,-0.3366,-0.0275,-1.3175,-0.5679,-0.9493,-0.6336,0.5795,-0.9061,-2.1681,0.2569,-1.5376,-1.8239,0.042,-0.6322,1.5961,-1.1868,-1.0337,-2.2064,-0.0188,-1.5857,-0.8531,-1.1587,0.0172,-0.7121,-0.898,-0.8814,-1.3548,-1.9762,-0.6792,-1.2669,-0.8083,1.1835,-0.1362,-0.1367
43,-1.5441,0.3098,-1.5498,-0.4552,2.9503,-1.4004,-0.9545,-0.2744,-0.4164,-1.722,-0.8928,-2.1371,-0.8816,3.4862,-0.3339,-0.5864,0.3068,-1.1147,0.4683,-0.1564,-1.3923,-0.3471,1.9523,0.5358,-1.372,-0.6988,0.9226,0.6131,-1.6099,0.1716,-0.7077,-0.2738,-0.4904,-1.1221,-0.45,-2.0628,-1.8024,-2.4102,-1.3883,-0.3407,-0.1708,-0.8345,-1.5091,0.8006,-1.5616,0.2185,0.5092,2.1402,0.7653,0.2036,1.5972,0.2054,-1.3859,-0.6804,-0.2044,-1.3235,-1.3688,0.9371,-0.4774,-0.4622,-1.7591,-1.9995,0.779,-1.489,-1.4122,-0.9694,0.9377,-0.6205,-0.7129,1.6305,-0.9088,1.0457,0.1883,-0.9228,0.4474,-0.0846,-1.596,-1.2493,-0.0822,-0.5427,-1.8754,-1.5568,-2.6146,-0.469,-0.8914,-0.9639,-1.0351,-1.4623,-1.3871,-0.7886,-1.5105,-1.3243,-1.3871,0.0678,-0.8391,-0.6679,0.2361,-1.5283,0.7079,-1.9533,-1.5091,1.4112,-1.7458,-0.6808,-0.4296,-1.37,-2.0341,0.0722,0.3582,-1.3413,0.3941,1.5115,-1.604,0.3066,0.6974,-1.1517,-1.8502,-0.7273,-2.0003,0.7214,-2.0883,-2.162,-1.0616,-0.7425,-2.3157,0.2716,-2.1103,-1.5437,-1.8251,-1.9611,-0.6127,0.8327,-1.4675,-2.1568,-0.8514,-0.9856,-0.8068,-0.5254,-0.543,-0.1556,1.4032,0.381,-0.3298,-1.3436,-0.7436,-0.7228,-0.1818,-1.9221,-0.5886,0.3958,-1.313,1.4561,-0.0978,-0.6037,-0.6543,-1.5688,-2.0867,0.2472,0.3395,0.1458,-1.4267,-1.6988,-0.2333,-1.2341,-0.1603,-0.7257,0.4341,-1.2965,-1.4837,-0.5319,0.3852,-0.2784,-2.1568,-0.5147,-0.5729,0.718,0.3042,-1.4723,0.9851,-0.4946,1.9087,-0.7373,-1.8998,-1.9038,-1.0576,-0.6341,-1.1641,-1.0264,0.2212,-1.8676,0.2975,-0.8675,-1.6529,-0.7619,0.1479,-0.6982,-0.0994,0.1284,-1.1078,-0.4005
44,-1.1777,-0.0801,-1.4397,-1.0264,1.3504,-0.9091,-2.162,-0.2649,-0.1003,-1.2073,0.6017,-0.814,-0.9734,1.5447,-1.9754,-2.0456,-1.5872,-2.9917,-2.5692,-0.5185,-0.2265,-1.4952,-0.5773,-0.6806,-1.6389,-3.2164,1.0152,0.7838,-1.0747,-0.4137,-2.2027,-1.6409,-0.3754,0.5588,-1.8885,-1.9697,-2.3455,-0.3245,1.3868,-2.7091,-2.6679,1.3031,-0.2413,-0.3367,-0.8785,-2.356,-0.9462,-1.1838,1.1955,-1.9914,1.2835,-0.6166,-2.9356,-0.1684,-2.1946,0.7463,-1.449,-0.0941,-2.4651,1.0021,0.283,-0.2231,0.866,0.1745,0.8978,0.4101,-0.326,0.8418,-1.9583,-1.7579,-1.974,-1.2549,-0.5802,0.1253,-1.2365,0.9898,-1.0972,-0.9334,-0.2924,-2.3259,-0.5351,-0.809,-1.1731,0.1568,-1.6353,-0.4597,0.8021,-1.2066,-2.0589,-0.4665,-0.5798,0.621,-0.7228,-1.9099,-1.4065,1.3083,-2.0923,-1.2334,0.224,0.9701,-2.6679,0.5496,-1.8307,-2.5601,-0.3783,0.5199,0.0069,-2.849,-0.1295,-0.5065,-2.3248,-1.4921,-0.532,1.5083,-0.8754,-0.4157,-0.146,-1.9011,-0.3634,-0.6011,0.6616,-1.1702,-2.3167,-1.3119,0.8986,-0.3813,-2.0683,-1.3341,-1.1413,-0.6659,0.7727,1.0343,-2.4889,-1.6165,-1.0359,-0.6195,-2.6409,-0.0747,0.0814,0.5499,-1.7868,-0.6497,-1.9407,-1.0942,-2.5744,-1.9661,0.6788,-0.9595,-1.7021,-0.7379,-1.4016,-1.4819,0.4683,-0.0783,1.0234,-2.5232,-1.4012,0.4868,1.326,-2.5996,-1.4118,-1.2403,0.1491,-2.6971,-0.5588,-1.5297,1.0417,0.5972,-0.2362,-0.6251,-0.1932,-0.5928,-1.0169,-0.7899,-2.9132,-1.1689,-0.5732,-1.6337,-1.0504,-1.1382,0.7469,-0.0828,-0.8759,-0.3339,-0.4777,-1.9345,-1.2279,-2.0349,-1.2458,-0.0733,-0.8533,-2.7151,-1.6394,-1.5219,-2.7211,-0.5012,-1.6708,0.4924,0.738,-0.6694
45,-1.0404,0.1987,-1.0008,-0.5239,1.0469,-1.2201,-2.2009,-1.6256,0.1451,-1.5091,-0.1221,-0.4248,-0.8771,1.3153,-1.6793,-1.2504,-1.9379,-1.6235,-1.8158,-0.1537,-0.1454,-2.0581,-1.5726,-1.2276,-1.8301,-0.3667,-0.6657,0.6899,-0.5278,-0.724,-0.2047,-1.1606,1.257,0.2805,-0.7659,-2.0062,-2.0526,-0.722,1.1252,-1.9105,-1.5985,1.3969,-0.3065,0.6327,-0.8785,1.3591,-0.8618,-0.9747,1.2775,-0.9061,1.4982,-0.5933,-2.3444,-2.1354,-0.3743,1.2829,-0.797,0.6167,0.8116,0.3849,-1.0558,0.4525,0.5218,0.074,0.6271,-0.5447,-0.5375,0.8161,-2.0107,-2.0003,-1.6766,0.2332,-0.4452,-0.0888,-1.0156,0.6739,-0.9034,0.5057,0.0101,-0.7463,-1.1987,-0.6079,-1.5274,-0.2854,-1.3467,0.4659,0.1656,-1.5512,-1.8226,-0.2394,-0.4454,-1.7964,-0.8153,-1.1501,-0.5465,0.9832,-0.572,-0.5425,0.2169,-0.7232,-1.9966,-1.2232,-1.604,-2.4569,-0.6761,-1.249,0.4159,0.6355,-1.0421,-0.434,-2.077,-1.8951,-1.8931,1.2857,-1.6852,0.3593,-1.6045,-2.0114,-1.0993,-0.8904,-1.4675,-1.009,-1.9428,1.2872,-2.1362,-0.2834,-1.8226,-1.3843,-1.4155,-1.0112,0.2785,1.2963,-0.5884,-1.5931,0.2444,-1.0281,-2.0189,0.4872,0.3901,0.7126,-0.1493,-0.291,-0.0793,1.0336,-1.9324,-1.3602,0.3624,0.0388,0.0415,-0.0013,-0.5057,0.0169,-0.2553,-0.7772,0.8432,-0.1294,-0.6285,0.7459,-1.3996,0.0562,-0.6061,-0.6882,-0.3813,-1.8433,-0.14,-0.474,0.27,-1.5404,0.3505,-0.0671,0.96,-0.722,-0.2464,-1.2755,-1.0084,-1.2133,0.9585,-0.704,-0.834,-1.263,0.5085,-1.3341,-0.9907,-1.5394,0.4488,0.9109,0.2049,0.7347,-0.6332,0.221,-0.8032,-1.7964,-1.5659,-0.5548,-1.9856,-0.3669,-1.3685,-0.3564,-0.3542,-0.8007
46,-0.8205,0.4837,-1.597,-0.9125,2.1853,-1.152,0.0347,-0.7689,-0.5297,-1.4697,0.7396,-0.8333,-0.6044,2.0939,-1.4537,-1.1842,-1.2379,-1.9146,-1.0211,-0.0493,0.3031,-1.9498,-1.5512,-0.9462,0.0564,-1.09,-0.2055,0.3559,-1.1777,-0.5138,-0.9056,-0.9597,0.1209,0.0416,-1.179,-1.4828,-1.6291,0.189,1.3366,-1.9456,-1.5493,1.3364,-0.4694,-0.4616,-0.1007,0.0256,-0.9256,-0.0995,0.8073,-0.5845,0.6842,-1.3186,-2.3914,-1.0255,-1.2666,1.2037,-1.2218,0.2521,-0.1219,1.1251,-1.1924,0.498,1.5769,2.0394,0.4443,-0.6692,-0.5795,1.028,0.1836,-1.2556,-0.5217,-0.2768,-1.0233,-0.3935,-0.6749,0.8769,-0.4187,-0.4032,-0.315,-0.47,-0.9253,-1.1432,-1.0175,-0.303,-0.5433,0.2975,-0.3435,-1.413,-1.827,-0.7154,-0.2436,-0.2395,-0.7077,-2.2926,-0.1195,0.7388,-1.8471,-0.918,-0.243,-0.5642,-1.931,-0.7636,-1.3513,-2.1689,-0.9193,-0.1037,0.0149,-0.4149,-1.105,-0.3696,-1.2841,-1.5228,-0.4496,0.7895,1.2453,-0.2777,-0.9103,-1.954,-0.9729,-0.6315,-0.3022,-0.8687,-1.3398,0.9453,0.4763,-0.3157,-1.6718,-1.0382,0.3248,-1.3086,0.8836,0.9881,-0.7674,-1.3314,0.5549,-0.6285,-1.9352,0.1772,0.269,0.7139,0.3812,-1.1944,-1.2296,0.4674,-1.6923,-0.9905,-0.3346,-0.5875,0.7755,-0.627,-1.1489,-1.6384,0.0062,-0.3705,0.8715,-1.6729,-1.0703,1.0731,0.4091,-1.9519,-1.2164,-1.3988,-0.1494,-1.621,-0.6607,-1.1796,-0.4992,-1.1894,-0.5618,-0.7089,0.923,-1.2465,-0.2685,-0.8155,-3.1583,-1.1545,-0.5904,-0.2813,-1.1571,-1.331,0.3923,-0.0167,-0.9276,-1.6015,0.0714,-0.994,-0.5798,-1.0823,-0.9083,-0.0803,-0.9198,-1.5626,-1.4602,-0.7883,-1.7476,-0.3598,-1.1023,-0.5158,-0.2983,-0.9306
47,-1.1457,-0.0098,-0.7255,-1.1809,-0.9602,-0.3821,-1.6069,0.7245,-0.5518,-0.6964,1.3319,-0.1937,-0.3703,-1.3984,-1.5955,-1.931,-1.9228,-1.497,-2.3719,-0.097,0.5444,-2.5523,0.5314,-0.829,-1.8276,-2.7839,0.368,0.5923,-0.6626,0.0812,-2.1362,-0.9899,0.7999,0.7199,-2.6956,-1.6337,-2.0152,-0.2594,1.2279,-2.7211,-1.2877,1.2182,-0.1429,-0.4309,-0.2351,-2.6381,-0.3731,-1.2386,0.8606,-2.1768,0.4579,0.4025,-3.442,-0.3818,-2.7364,1.2503,-0.5009,0.3642,-1.6777,0.182,0.4843,0.1589,1.0111,1.0841,1.3952,0.5839,-0.077,0.7233,-0.4334,-1.9733,-1.2827,-0.805,-0.0706,-0.4095,-1.6069,1.1648,-1.7126,-1.212,-0.6726,-1.7603,-0.1902,-0.4927,-0.5964,0.3561,-1.1221,0.0692,0.1683,-1.6025,-1.856,-0.7271,-0.0972,0.8037,-0.3166,-1.1317,-1.5559,1.2657,-2.6105,-0.9337,-0.4193,1.1217,-2.274,-0.9763,-1.1523,-2.0723,-0.9125,-0.8809,-0.3303,-2.9584,0.0889,-1.4614,-1.7447,-1.7568,-1.3752,1.1779,-1.446,-1.1209,0.1294,-2.7091,-0.4114,0.1507,0.505,-1.446,-1.7661,-0.2287,0.293,-0.0404,-2.1937,-1.7333,-1.2469,-1.2841,0.5171,1.3039,-2.4465,-1.0197,-0.8167,-0.3564,-2.6941,-0.5805,-0.4797,0.552,-1.8264,-0.6466,-2.7504,-0.7728,-1.2266,-1.2602,0.1367,-0.9953,-0.7711,-1.322,-0.3628,-1.8793,0.5817,-0.1912,0.6704,-2.398,-0.9967,-0.478,0.8999,-2.0152,-1.6983,-1.319,0.343,-2.062,-1.0309,-2.0099,0.7728,-0.305,0.0129,-1.3486,0.8838,-0.2357,-0.0929,-0.683,-0.6603,-0.7668,-0.7646,0.0302,-1.6005,-1.2269,1.2896,-0.6888,0.026,-1.0721,-0.2157,-2.2064,-1.1172,-1.9414,-1.2296,-0.2405,-0.9872,-1.7661,-0.9216,-0.991,-2.9623,-0.169,-1.1376,1.34,0.072,-0.5237
48,-1.1096,-0.5497,-1.4045,-1.0046,-1.7293,-0.7379,-2.3351,0.1154,-1.1747,-0.9808,1.1146,-0.8077,-1.1096,-1.5432,-0.9143,-1.8534,-1.9597,-1.3732,-2.8404,0.423,-0.3316,-2.0683,-1.2924,-1.2563,-1.0587,-2.3666,-0.1,0.7542,-1.461,-0.5392,-2.1303,-1.6687,0.8974,-0.5034,-1.9555,-2.143,-2.8422,-1.4172,1.2548,-2.4304,-1.0628,0.9091,0.2039,-1.1504,-0.6484,-2.6521,-0.1884,-0.96,1.122,-2.4248,-0.52,0.0551,-2.9337,-0.2253,-2.1568,1.2752,-0.7544,-0.0984,-1.8264,-0.1059,0.7894,0.2456,1.18,0.7009,1.4377,0.2733,-0.0519,0.4389,-2.4113,-1.6195,-1.4943,-0.3551,-0.6779,-0.7185,-1.1397,1.0598,-1.6724,-0.4277,0.2626,-1.6139,-0.1704,-1.5616,-1.0762,-0.3339,-1.274,-0.7419,0.1196,-1.2965,-2.1681,-0.6712,-0.1918,0.8777,-0.2817,-0.7381,-0.8704,1.3277,-1.722,-0.9705,-0.5261,0.7766,-2.2173,-1.0948,-1.8898,-2.1111,-1.1552,1.6328,-0.8848,-2.9059,0.1543,-1.5965,-1.8401,-1.3276,0.525,1.1587,-0.4578,-1.1865,-0.3124,-2.0818,-0.4986,0.3622,0.3537,-2.1533,-1.3498,-0.7497,-0.5873,0.1132,-2.2538,-1.5343,-0.1028,-0.7623,0.5721,1.3186,-2.7061,-1.5498,-0.7531,-0.814,-2.3444,-0.1466,-0.1332,0.6511,-1.2602,-0.9276,-2.4293,-0.7657,-1.205,-1.2892,-0.9416,-0.6931,-1.0038,-1.2033,-0.3835,-1.7226,1.0054,-1.9372,-0.0024,-2.0441,-0.9375,0.276,1.4954,-2.427,-0.6499,-1.3093,0.4718,-1.4727,-0.8442,-1.7458,0.7072,-1.9449,-0.0358,-1.2848,0.217,-0.7072,-1.0573,-0.8578,-1.9393,-0.0611,-0.6075,-0.2464,-1.1227,-2.1037,0.5456,0.4274,-0.227,-1.3807,-1.1129,-1.642,-0.698,-2.4091,-0.4357,-0.3462,-0.6294,-1.9045,-1.7958,-1.2525,-2.3434,-0.117,-1.1835,0.1058,0.3733,-1.6461
49,-1.1845,-0.4633,0.1365,-1.0668,-3.3104,-1.0633,-1.9153,-0.1878,-0.4552,-0.7311,0.9202,-0.1569,-1.6215,-2.7822,-1.8313,-2.0691,-2.6395,-1.2852,-0.2225,-0.0446,0.1257,-2.5047,-0.566,-0.3408,-1.2483,-1.7005,-0.3792,-0.5404,-0.8176,0.0976,-1.8905,-1.6079,0.7067,0.3449,-1.9863,-1.7333,-3.5649,-1.5726,0.8249,-3.7339,-1.5015,1.1069,0.0271,-0.2933,-0.4809,-0.4002,-1.4806,-0.125,0.9512,-3.0221,-0.658,0.1936,-4.6356,-0.2689,-2.6956,1.0286,0.7427,0.3693,-1.832,0.2429,-0.2261,0.1944,1.1907,0.8402,1.7239,0.4128,0.0392,0.8453,-3.2114,-1.7226,-1.4948,-0.5343,-0.3513,-0.6292,-2.4373,0.7854,-1.6681,0.0173,-0.2297,-1.5432,-0.0398,-0.4951,-0.4894,-0.1472,-2.8595,-0.2168,0.0782,-1.618,-2.7181,-0.5693,-0.5411,0.1782,-0.6373,-0.2116,-0.669,1.2909,-2.4396,-0.7886,-0.3274,0.7442,-2.6228,-1.2563,-2.6409,-2.6353,-0.9281,0.4718,0.0691,-3.0619,0.6461,-2.3086,-0.5607,-1.1298,0.3325,1.5439,-1.7626,-0.895,0.4968,-2.4925,-1.5488,-1.0087,-0.3674,-2.0326,-2.1303,0.7183,0.7808,-1.0963,-1.7226,-1.7603,-0.7844,-2.1672,1.042,1.0906,-1.5427,-1.4675,-0.4649,-1.0131,-2.8218,-0.6214,-0.2545,0.423,-0.1689,-1.5678,-1.4828,0.9604,-1.7464,-1.1005,-0.3172,-0.4869,0.1266,-0.485,-0.1707,-2.386,0.1168,-1.3273,0.6827,-0.9434,-0.8496,0.1139,0.8587,-2.5536,-2.0234,-1.782,0.6396,-1.751,-2.2109,-2.0667,0.5843,-0.2645,0.0552,-1.3521,-0.6216,-0.8237,-0.2992,-1.2827,-2.2396,-1.4389,-0.0367,-0.6042,-1.1313,-1.701,0.4498,-0.2116,-0.4302,-1.5916,-0.5102,-1.9726,-0.8169,-2.7151,-0.9731,-0.1444,-1.6734,-1.9153,-2.4698,-1.9776,-3.4082,-0.4695,-0.4856,0.473,-0.3725,-1.2627
50,-0.8382,0.5777,0.1909,-0.5125,-0.4813,-1.4961,-2.041,-0.6613,-0.1351,-1.682,-0.2323,0.3712,-0.6077,0.585,-1.8055,-1.2913,-2.0972,-1.7154,-3.1749,-0.1008,-0.1103,-2.0651,-0.8896,-1.4714,-1.0969,-0.2663,-1.4073,0.2502,-0.3355,-0.1247,-0.8819,-1.9194,0.866,0.0401,-0.8329,-2.3719,-2.4781,-1.2641,0.6266,-2.8542,-2.1013,0.7955,-0.5811,0.5691,-0.7783,1.4376,-1.4983,0.0184,1.2232,-1.7327,1.3619,-0.357,-3.2728,-1.433,-0.3325,1.2387,-0.23,1.0264,1.1127,0.349,-0.6661,0.523,1.2539,0.5387,1.3273,-0.378,-0.4726,0.5789,-2.6339,-2.522,-1.5488,0.2766,-0.5103,0.0975,-2.1087,0.8848,-1.0136,0.5462,-0.4377,-0.7822,-1.1868,-1.0048,-1.1457,-0.2491,-2.2046,0.2539,-0.0003,-2.1698,-2.0084,-0.3933,-0.2328,-2.2146,-0.8208,-0.3785,-0.315,1.4301,-1.1138,-0.3348,0.2965,-0.6444,-1.5635,-0.9814,-1.7021,-1.6435,-0.8554,-1.4806,0.181,0.249,0.6812,-1.9654,-0.1156,-2.2293,-2.4465,1.2856,-2.0581,0.0456,-1.4225,-2.2759,-1.2888,-0.7655,-1.9661,-1.7708,-2.2009,1.6588,-2.2055,-0.6304,-0.997,-1.7626,-0.9694,-1.5201,0.5144,1.2772,-0.4155,-2.3773,0.5529,-0.7992,-2.7855,-0.3788,-0.2322,0.4571,0.9047,-0.8552,0.0077,1.6001,-1.9352,-1.982,-0.4997,-0.0536,0.6226,0.3812,-0.1542,-0.5377,0.1244,-1.4627,0.42,-0.5562,-0.3151,1.2412,-2.0731,0.1414,-1.682,-0.809,0.5072,-1.7976,-1.2056,-0.3976,0.1831,-0.9889,0.0619,-0.6737,0.8776,-0.3518,-0.0544,-1.6513,0.3502,-1.6195,0.8087,-0.4617,-1.438,-1.6703,0.7832,-1.5269,-1.2368,-1.8509,0.1211,0.4557,-0.6081,0.9193,-0.471,-0.2074,-0.5435,-2.1576,-1.964,-1.0841,-3.0967,-0.1818,-0.9465,-0.0479,-1.1485,-1.2083
51,-1.7071,-1.1423,-1.0561,-0.6804,0.4262,-1.4925,-2.5345,0.0021,-0.6616,-2.5047,0.5087,-0.8955,-0.1801,1.654,-1.3171,-1.8585,-1.8407,-2.7969,-2.3006,0.3098,0.1797,-1.6378,-0.2134,-1.2609,-0.9784,-2.0341,-1.0356,0.1867,-1.3209,-0.9135,-2.5084,-1.6852,0.3927,0.4069,-1.735,-1.6466,-2.4986,-0.4348,1.0559,-3.0428,-2.8717,0.8733,0.7613,-0.6943,-0.5563,-1.8971,-0.6824,-0.4708,1.0578,-4.8036,0.1737,-0.7228,-4.6152,-0.4231,-2.6736,1.0939,-1.1777,-0.2845,-2.3177,0.0916,0.3806,0.3247,0.9351,1.697,1.2475,0.2193,-0.8573,0.57,-1.5028,-0.8945,-2.2481,0.0602,-0.9655,-0.563,-1.3421,0.8183,-1.6571,0.1692,0.2992,-1.8018,-0.1391,-1.8573,-0.8716,0.3924,-2.7288,-0.6864,0.3744,-2.863,-2.8319,-1.6912,-0.5363,-0.518,-0.5147,-0.4611,-0.7563,1.2167,-2.0219,-1.216,-0.5879,0.7696,-2.3507,-1.0573,-2.5823,-1.3307,-1.3552,0.8134,-0.4035,-2.7903,0.21,-1.9604,-2.0762,-1.2751,0.523,1.1435,-1.2577,-0.6919,0.1621,-2.886,-0.7809,-0.4938,0.1302,-1.8991,-2.4557,-0.0329,0.5728,-0.8496,-1.6015,-2.2711,-0.3084,-2.9858,0.7782,1.559,-2.4557,-2.2838,-0.7681,-0.9816,-2.7806,-0.5229,-0.181,0.8028,-0.5908,-2.2672,-2.1422,0.128,-1.0079,-1.2683,-0.2455,-0.7674,-0.6042,-0.6251,-0.2871,-1.5606,0.6499,-2.3784,0.6004,-1.1369,-1.3759,0.7326,1.4952,-3.3242,-1.5896,-1.7093,0.6223,-2.7227,-1.4961,-1.878,0.5536,-0.6311,0.1025,-1.7667,-1.1056,-0.9063,-0.1745,-1.4988,-3.1749,-1.5583,-0.4285,-0.1197,-2.7257,-2.2284,-0.2086,0.6126,-0.7142,-1.5678,-1.1848,-2.1136,-0.4469,-1.7441,-0.9388,-0.3138,-1.6586,-2.2155,-2.8235,-1.9038,-2.8084,-0.4236,-2.3816,0.3415,-0.2244,-1.7154
52,-0.7377,0.2782,-0.2852,-1.0331,-1.6296,-1.3494,-1.3097,0.02,-0.4597,-1.7487,-0.0939,0.3517,-1.481,-1.0008,-1.6692,-1.7187,-1.8528,-0.7892,-1.865,0.6641,-0.3356,-2.0565,-1.0648,-1.0712,-0.9792,-1.849,-1.4567,-0.2524,-0.789,-0.9558,-2.5047,-1.1571,1.0985,0.3832,-1.782,-1.8885,-2.0472,0.463,1.3621,-2.6971,-2.4734,-0.0742,0.2794,-0.5039,-0.5379,-0.5692,-1.205,0.0124,0.9064,-3.0324,0.2811,-1.4828,-2.7774,-0.704,-2.0272,0.9346,-1.4815,-0.0745,0.511,-0.594,0.023,0.188,1.4422,1.5094,1.2365,0.1091,-0.0853,1.2371,-1.772,-2.183,-1.8389,-0.859,-0.4521,0.3708,-2.1919,1.0962,-1.2841,0.0619,0.4686,-1.9085,0.4814,-1.354,-0.3533,0.0328,-2.4604,-0.6541,-0.5052,-2.373,-1.4443,-0.0112,-0.1927,0.5009,-0.2203,-1.2979,-0.9118,1.5238,-2.0526,-0.8095,-0.0611,0.7466,-2.2711,-0.8751,-1.6134,-2.5929,-0.8228,0.7602,-0.3674,0.3347,0.5493,-1.9611,-1.5474,-1.8226,-0.1993,1.5332,-0.8117,-0.2641,0.0777,-1.9604,-0.7794,-0.6272,0.5366,-1.9338,-2.2164,0.3732,1.3918,-0.5632,-1.7109,-1.4008,-0.0606,-1.2961,1.0057,0.7077,-1.1861,-1.3927,-0.07,-0.4692,-2.4746,-0.5548,0.0064,0.2409,-0.1837,-1.644,-1.9379,0.5097,-1.9296,-1.0788,-0.3683,0.3495,-0.7787,-0.3611,-0.2756,-1.6852,0.654,-1.9463,0.8565,-2.5863,-0.7868,0.5629,1.2729,-2.2926,-1.203,-1.7344,0.3087,-1.7585,-1.1432,-1.5645,0.378,-0.2746,0.3152,-1.4997,0.6202,-1.8214,-0.3019,-0.8536,-1.5847,-1.7958,0.0747,-0.4033,-1.2455,-2.0612,0.8358,0.4846,-0.2942,-1.3482,-0.4107,-1.2823,-1.1111,-2.1456,-0.9994,-0.0974,-0.6562,-2.6679,-2.522,-1.3571,-2.6325,0.2065,-1.6628,-0.4317,0.1991,-1.643
53,-0.8174,-1.0339,-1.0416,-0.8237,0.4888,-1.1897,-2.0003,0.397,-0.7392,-2.4441,0.2503,-0.9108,-0.1332,1.0761,-1.0996,-1.8055,-0.6804,-1.7048,-0.8901,0.3708,-0.06,-2.0433,-1.2809,-0.4981,-1.2272,-2.2653,-0.8573,0.0401,-1.7608,-0.1599,-3.0386,-1.3907,0.3559,-0.2783,-1.6999,-2.0167,-1.9726,-0.0865,1.1032,-2.4002,-2.143,0.9662,0.1813,-0.3318,-0.8554,-1.794,-0.3511,-0.9276,0.5421,-3.7942,-0.3963,-0.6149,-3.7987,-1.7964,-2.522,0.7805,-1.4118,0.3525,-2.4293,0.2268,0.1813,0.0398,0.7391,0.1064,0.6555,0.5697,-0.2115,1.2095,-3.4966,-0.6925,-1.6529,-0.1994,-0.6753,0.7446,-3.0726,0.5605,-1.2399,-0.4008,-0.6846,-2.0242,0.2643,-1.0735,-0.3443,0.765,-0.4396,-0.7565,0.0795,-0.5906,-2.6693,0.5389,-0.3268,0.3607,-0.1992,-0.1143,-0.7666,1.0686,-1.7109,-0.6072,0.204,0.5349,-2.4091,-0.6339,-1.4221,-3.2493,-1.0741,1.1969,-1.3009,-2.3741,0.4198,-2.5396,-1.8509,-0.3848,0.0044,1.1748,0.7079,0.2892,0.0045,-2.62,-1.4351,-0.0063,0.3976,-1.356,-2.4901,-0.3109,0.7582,-0.408,-2.1928,-0.8164,-0.5704,-0.9352,0.297,1.1067,-1.1734,-0.9718,0.3005,-0.8785,-2.8151,-1.1699,-0.0728,0.0888,-0.7815,0.0706,-2.3289,-0.5309,-2.4757,-1.2577,-0.3408,-0.1026,-0.0944,-0.4466,-0.7672,-2.4327,-0.1514,-0.7976,0.4377,-1.6665,-1.0043,0.9572,0.2256,-3.0366,-1.0461,-1.617,0.5796,-2.4829,-0.9726,-2.1303,0.8323,0.4884,0.3224,-0.9263,0.5902,-1.3398,-0.777,-0.5355,0.0462,-1.2801,-0.4131,0.0694,-0.4319,-0.855,1.028,-0.4128,-0.5365,-1.1357,-0.2886,-1.51,-0.6444,1.2548,-1.2187,-0.1381,-0.6216,-3.0018,-1.5297,-0.9943,-3.4327,-0.2341,-2.0939,-0.4729,-0.3845,-1.0993
54,-0.7369,-0.086,-0.0123,-1.398,-1.1044,-1.791,-1.9711,-0.064,-0.6808,-1.7187,-0.5908,-0.4636,-0.7363,-0.0395,-2.2046,-2.025,-2.2405,-0.5072,-4.8409,0.6639,-0.4718,-2.8595,-1.5502,-1.4894,-1.5078,-0.9967,-1.9262,-0.5899,-1.2238,0.2605,-2.7272,-1.5316,1.0769,0.1548,-0.223,-1.9359,-3.5791,0.0628,0.8579,-2.8353,-1.9519,0.4349,-0.3173,-0.2539,-0.8018,-0.0636,-2.1228,0.0182,0.7589,-2.7016,0.3834,-0.6307,-3.7942,-0.074,-3.5756,1.0069,-0.9553,0.0907,0.3798,0.2302,-0.607,-0.0223,1.5246,1.3238,1.2406,-0.6061,0.2264,0.8823,-1.538,-1.3183,-1.7453,-0.1716,-0.5093,-0.4755,-2.7001,1.2344,-0.6413,0.1427,-0.2506,-3.2015,0.2023,-1.497,-0.5155,0.2975,-2.6173,-0.7105,-0.7052,-2.8018,-1.7946,-0.1113,-0.2129,0.8733,-0.7934,-1.0035,-0.4745,1.3309,-2.3881,-0.7544,0.2425,0.3725,-3.4022,-0.8054,-3.3132,-3.9739,-1.0862,0.5401,-0.6195,-0.7228,0.2051,-2.051,-1.6069,-0.8785,0.4851,1.1617,-0.3661,0.3611,0.3087,-1.8573,-0.5302,-0.1592,0.1773,-1.7148,-2.8167,0.4848,1.4212,-0.689,-1.8208,-1.213,-0.0443,-1.1172,0.8503,1.5264,-1.3606,-2.6146,0.8327,-0.6998,-4.6356,-0.8352,-0.024,0.3261,0.3937,-1.3732,-2.149,0.039,-3.064,-1.0269,-0.2141,0.1806,-0.8235,-0.2535,-0.4493,-2.3351,0.6176,-1.9011,0.627,-2.0257,-0.5145,0.3184,1.4358,-2.7211,-1.8146,-1.3042,0.3747,-2.3187,-1.1891,-1.7226,0.6055,-0.5913,-0.0664,-1.1983,1.0329,-0.5984,-0.4234,-1.4952,-1.141,-1.8024,-0.2779,-0.3824,-0.5239,-1.7435,1.0221,0.0569,-0.5656,-1.5587,-0.4056,-0.9299,-1.712,-0.6059,-0.8704,-0.0149,-0.9563,-2.6897,-2.4225,-1.3209,-4.3583,-0.2535,-2.398,0.1719,-0.1807,-0.9608
55,-1.3638,0.0409,-1.051,-0.7529,-4.0009,-1.5649,-1.3436,0.32,-1.1292,-1.8116,0.5922,-0.7888,-0.9383,-3.5579,-1.1372,-1.5474,-1.9526,-1.3571,0.0601,0.1697,1.0361,-1.5292,-0.939,-0.434,-0.7601,-1.4073,-1.2961,-0.1085,-1.5926,-0.5494,-1.4069,-1.5432,1.0455,-0.1766,-1.4983,-3.0705,-0.916,-1.6215,1.7826,-2.9858,-2.443,0.59,0.4378,-0.4631,-0.0096,-2.0628,-1.8985,-0.5344,1.344,-2.522,1.0913,-0.8294,-0.9296,-0.2439,-2.2137,1.0282,-1.1154,-0.2567,-2.3549,0.2933,-0.2857,-0.1295,0.5023,0.7996,0.9742,0.3866,-0.5303,0.8246,-3.3354,-0.1511,-1.041,-1.5702,-0.2328,-0.1597,-2.4327,1.0153,-1.8669,0.7009,0.4661,-1.5789,-0.5251,-2.1813,-0.8694,-0.4391,-2.0265,-0.0938,0.5634,-1.4255,-2.5783,-0.7781,-0.5497,0.4458,-0.4782,-1.2066,-0.3962,1.464,-2.6311,-0.6182,0.5338,1.3639,-2.2293,-1.203,-2.3289,-2.7121,-1.2218,-0.8025,-1.1163,-2.5295,0.654,-2.8184,-1.982,0.2553,-1.8097,1.3538,-0.1602,-1.7714,0.4544,-1.7904,-1.931,-0.9713,-0.2949,-2.3361,-2.6325,-0.3463,-3.2493,-0.6964,-3.119,-2.0612,-0.4663,-2.2614,0.7563,1.4041,-0.751,-1.0826,-0.6048,-0.8594,-2.9565,-1.2762,0.2298,0.5292,-0.8879,-0.96,-1.474,0.2706,-2.0604,-0.7348,-0.9274,-0.4515,-1.2946,-0.5239,-0.7857,-2.2721,-1.212,-1.9207,0.9212,0.1197,-1.4452,0.5389,1.5157,-3.4112,-1.2117,-1.322,0.3795,-2.738,-1.6966,-1.8892,-0.0683,-1.0818,0.2269,-1.9697,-0.2794,-1.4688,-0.3212,-2.0534,-2.5876,-1.5469,-0.2002,0.062,-1.2514,-2.001,-0.0089,-0.0347,-1.2317,-2.2155,-0.2644,-0.7974,-1.974,-2.2082,-1.3943,0.1266,-0.9337,-2.4091,-2.4024,-2.4091,-2.6941,-0.3788,-2.2303,0.4942,0.0137,-2.0565
56,-2.3361,-0.8178,-1.0966,-0.5508,-2.1244,-2.2907,-2.1261,-1.8598,-1.1178,-2.4651,-0.2154,-2.8842,-2.5408,-2.1413,-2.5245,-1.4597,-2.0418,-2.5718,-1.9762,-1.481,0.0024,-2.8771,1.414,1.0416,-1.7356,-2.6353,0.0017,-2.7016,-1.3887,-2.3805,-2.5108,-1.372,-1.8165,-1.7714,-1.6471,-2.551,-2.5108,-1.2708,-2.2916,-2.0778,0.5396,-1.9255,-1.0694,-1.8214,-1.9625,-2.2027,-3.673,-1.3448,1.4163,0.8733,-1.8313,-1.6054,-2.6971,-1.9783,-1.9435,-1.2097,1.1671,-1.5159,1.5307,-1.6109,-2.0122,-0.6728,-0.3188,-0.2063,-0.361,-0.1153,-1.1764,0.3038,-2.6437,-2.2091,-1.8971,-2.0395,-1.9386,-1.7005,-1.4359,-0.7576,-1.9519,-2.3167,-2.1354,-1.2805,1.1698,-1.1725,-2.0204,-2.0395,-2.4396,-2.3892,-2.6132,-2.1278,-2.7489,-1.4541,-2.0731,-2.3871,-2.5121,-2.5072,-2.3382,1.534,-2.2857,-1.597,-1.94,-2.1857,0.3439,-2.1236,-0.2241,-2.2137,-0.3932,-2.3914,1.2972,0.8999,-0.0369,0.4219,0.256,-2.0349,0.8861,1.649,-2.3086,-1.6482,-1.666,-2.2219,0.1229,-2.4158,-2.3238,1.4968,-2.3827,-1.1917,-2.0356,-1.8433,-1.0376,-1.6708,-2.7855,-1.9065,-1.1894,1.2791,-2.8577,-1.9296,-1.7248,-2.1161,-1.9583,1.1776,0.1007,-0.2644,-0.8749,-1.3153,-1.9973,-1.3919,-2.4639,-1.3307,0.0907,-0.6688,-1.1175,-1.1751,-3.4389,-2.0003,-1.9085,-3.2888,0.9847,-2.8842,-2.5823,1.308,-1.6291,-1.3915,-1.7678,-0.082,-1.2641,-2.4651,-0.6921,-1.9491,0.1765,-0.2134,-0.2138,-1.772,-2.6146,0.0583,-1.4979,-1.7773,-0.2973,-0.9061,-0.2882,-1.8152,-1.9491,-0.8583,-1.3042,-0.6792,-1.9228,-0.5138,-1.9583,0.8229,-0.3038,-1.3927,-2.2701,0.6136,-1.712,-0.2877,-2.3096,-2.2956,-2.0747,-1.2673,-0.1798,-0.7722,-0.8682,-0.3377
57,-1.0172,-0.9943,-1.085,-0.9576,-1.8715,-2.2759,-2.2547,-1.9456,-0.78,-2.4546,-0.8449,-2.6507,-2.1286,-1.6777,-2.132,-1.0892,-1.5717,-2.9022,-2.0931,-1.3976,-0.0512,-2.8878,0.114,1.2756,-1.9187,-2.5744,-0.471,-1.8477,-1.1783,-2.2396,-2.522,-1.5906,-1.206,-1.9747,-1.9463,-1.9421,-0.5428,-1.9065,-1.5201,-1.6497,1.542,-2.1884,-2.9508,-1.4159,-1.0584,-1.8945,-4.0745,-1.2003,1.5442,-1.731,-1.4094,-1.4749,-1.5498,-1.6518,-1.5292,-1.8965,1.7385,-1.0662,0.5525,-1.6644,-1.929,-0.648,-0.3666,-1.3171,-0.5067,-0.6268,-0.3849,-0.4968,-2.2519,-1.9442,-1.9769,-2.2789,-0.983,-2.4628,-1.4868,-0.4739,-1.8826,-2.0964,-1.9018,-2.3086,-0.298,-1.2525,-1.9421,-1.8585,-2.1295,-2.4675,-2.4035,-1.2827,-2.1813,-0.7409,-1.6565,-2.1707,-2.655,-2.2472,-1.8669,1.5887,-1.4688,-1.3409,-1.0518,-2.1611,0.8247,-2.0441,-0.1498,-2.4663,0.3388,-2.0487,0.2754,0.0406,0.0167,-0.068,0.3239,-2.1128,-0.6632,1.6123,-2.001,-1.8097,-1.6983,-2.4068,-0.0646,-1.8747,-2.2275,0.3292,-2.1991,0.0861,-2.2721,-1.8024,-1.1731,-1.6555,-3.0512,-0.0876,-1.8401,0.2437,-2.2443,-1.8134,-2.1559,-2.2779,-2.041,0.3545,0.0279,-0.5708,-1.5173,-1.1117,-1.8715,-1.3123,-2.1768,-1.3548,-0.0312,-1.2113,-1.3079,-0.5312,-3.2189,-2.0129,-1.2154,-2.9243,0.4708,-2.7504,-2.1964,1.8252,-1.0038,-1.5413,-1.1404,0.202,-0.85,-2.3958,0.0038,-1.9338,-0.0838,-1.3763,-0.2036,-1.0602,-0.8059,-0.0472,-1.413,-0.4276,-0.5814,-0.965,-0.8285,-1.616,-1.9747,-0.3199,1.1579,-0.9587,-1.9569,-0.9226,-1.283,0.6041,-1.7504,-1.8624,-2.1144,0.181,-1.6049,0.4933,-2.2127,-2.0265,-2.0778,-1.3254,-2.0371,0.3302,-0.5864,-0.1333
58,-0.8524,-0.3863,-1.3959,-0.2601,-2.2247,-2.4781,-2.6479,-1.7994,0.0293,-2.2779,0.2583,-2.7599,-2.2828,-1.7898,-1.674,-1.3168,-1.9058,-2.7871,-1.9625,-0.8524,-0.0227,-2.7489,1.1017,1.1531,-1.5082,-2.7318,0.241,-2.4418,-1.2221,-2.5601,-2.4191,-1.2528,-2.33,-1.3992,-1.9512,-2.4853,0.3073,-1.624,-1.3444,-1.5498,1.3648,-2.4135,-1.832,-1.1651,-0.0954,-2.373,-3.6691,-0.6549,1.1434,-0.3743,-2.2907,-1.6276,-2.4407,-2.2547,-1.772,-2.2405,1.2027,-1.8521,1.3215,-2.0691,-2.2201,-0.4012,-1.3016,-0.6116,-0.9881,-0.2812,-0.5231,0.2437,-2.2349,-2.2966,-1.7556,-1.6655,-1.9995,-2.3036,-1.4126,-0.6624,-1.8547,-2.2266,-2.2146,-2.2907,0.9936,-1.0584,-2.0964,-2.1078,-1.8055,-2.7318,-2.7871,-2.3167,-1.7755,-1.1498,-2.4746,-2.0883,-2.0495,-2.3056,-2.1663,1.3365,-1.6576,-2.1751,-0.9686,-2.21,0.8446,-0.2856,-0.0536,-2.1103,0.1636,-2.1062,0.3823,0.832,-0.1109,0.8099,0.8659,-2.1005,0.2394,1.2509,-2.2046,-2.3228,-1.8845,-1.6644,0.1272,-2.3228,-1.9929,1.1711,-2.5195,-1.176,-1.9352,-2.3006,-0.6649,-1.7976,-3.1725,-1.25,0.0939,1.0217,-2.6897,-1.5376,-2.2966,-2.33,-2.3036,0.914,-0.2465,-0.1024,-1.51,-0.9678,-2.2415,-1.5731,0.0435,-1.075,0.5391,-0.9808,-1.1175,-0.8124,-2.792,-1.3356,-1.3645,-3.2239,0.6419,-2.6736,-2.5744,1.4117,-1.1852,-1.2892,-0.548,-0.4084,-0.5093,-2.127,-0.1629,-2.1211,0.4917,0.3039,0.245,-0.8559,-0.7436,0.2422,-1.4238,-0.5042,-0.2042,-0.1991,-0.3037,-1.7109,-2.0891,-0.7646,0.332,-0.6466,-1.7527,-0.5581,-1.1993,1.045,-0.471,-1.3859,-1.3911,-0.0091,-1.6291,0.7216,-2.3947,-1.8786,-2.2,-1.1454,-1.3031,0.3258,-0.7925,0.1269
59,-1.7499,-0.1537,-0.8477,-0.7985,-1.751,-1.0966,-1.8171,-1.8734,-1.0205,-2.1169,-0.2393,-2.5731,-2.4236,-1.0233,-1.8363,-1.4271,-1.832,-2.5692,-2.4202,-1.2334,-0.3716,-2.1178,1.1427,0.8142,-1.6518,-2.4304,-0.7152,-2.183,-1.2751,-2.025,-2.1875,-1.655,-1.1584,-1.4679,-2.2721,-1.6934,-1.7702,-1.2567,-1.6296,-1.7892,1.1652,-1.9065,-2.8319,-1.1298,-1.3748,-1.6482,-3.7255,-0.8646,1.2987,-0.2317,-2.0114,-1.7714,-2.6809,-1.7655,-2.1585,-0.3738,0.7251,-0.4992,1.2662,-0.4354,-1.3879,-0.1513,-0.3041,0.0202,-0.8065,0.0808,-0.4721,0.412,-2.0287,-2.2682,-1.6435,-1.16,-2.2201,-2.2434,-1.2269,-0.082,-2.0988,-2.1875,-2.0257,-1.3521,0.6915,-0.2646,-2.3279,-1.7087,-1.4537,-2.5459,-2.2828,-1.9366,-1.8938,-0.77,-1.7562,-1.9283,-1.4533,-1.9372,-1.623,1.3463,-1.8006,-1.6368,-2.6838,-1.9241,0.1861,-0.5012,0.2314,-2.3218,-0.0189,-1.5818,0.1274,0.6938,-0.1506,0.6043,0.4494,-1.7065,0.9065,1.4991,-1.7725,-1.1803,-0.9918,-2.3259,0.0824,-1.7316,-1.3383,1.1994,-2.1236,-0.2964,-2.077,-1.9025,-1.2063,-1.2403,-2.4925,-0.7961,-0.5037,1.5131,-2.1473,-1.458,-1.2794,-0.9689,-2.3634,0.6102,0.1274,-0.1432,-1.791,-0.8875,-1.4619,-0.9421,-1.8786,-0.9899,0.2956,-0.0685,-1.3049,-1.5137,-1.9269,-1.5887,-1.5882,-2.7985,0.8601,-2.3218,-1.8547,1.521,-1.4036,-0.7484,-0.8809,0.0728,-0.7527,-2.3434,-0.4912,-1.6205,0.5544,-0.05,0.6128,-0.7853,-1.9065,-0.5403,-0.8108,-0.6092,0.7378,0.0869,-0.2664,-0.868,-1.772,-0.6524,-0.2714,-0.7916,-1.782,-0.0082,-1.515,-0.235,-0.4222,-1.6337,-0.754,0.4304,-1.7339,-0.3369,-2.0972,-1.8351,-2.0495,-0.8568,-1.3038,0.0496,-0.5506,-0.2488
60,-1.8036,-0.9511,-0.6358,-0.5598,-2.2481,-2.4557,-2.9394,-0.6712,0.1346,-2.4135,0.5601,-2.6941,-2.8336,-2.3465,-1.2225,-1.8786,-1.747,-1.7176,-2.6536,-0.5632,-0.1026,-2.4781,0.7853,0.8751,-0.6597,-2.4663,0.5568,-1.6529,-1.2634,-2.0834,-1.7767,-1.2358,-1.931,-0.9548,-2.1379,-2.1345,-1.3478,-2.3036,-1.9255,-2.0472,1.7493,-2.221,-1.5432,-0.9779,-0.493,-1.7988,-3.3962,-1.2913,1.355,-0.9429,-2.176,-0.3457,-1.9269,-1.6988,-2.2229,-0.9997,0.9651,-0.2185,1.0266,-2.176,-2.1946,-0.3212,-0.5307,-0.7409,-0.0813,-0.332,0.451,0.1398,-2.6146,-1.9221,-1.4627,-0.664,-0.8694,-3.0835,-1.6348,0.9435,-1.5654,-1.7597,-2.2509,-1.3943,0.1491,-0.4393,-1.3915,-1.8326,-2.0589,-1.3337,-2.2247,-3.3814,-1.7856,-1.1987,-1.8012,-1.3756,-1.2514,-1.212,-1.5813,1.4433,-1.6858,-1.8158,-1.2076,-1.8079,1.3212,-2.2528,-0.2352,-2.5035,0.7684,-1.4824,0.1555,0.5968,0.216,1.2171,-0.7046,-1.4028,0.7681,0.8438,-1.1084,-1.8401,-1.5635,-2.0883,-0.6992,-1.372,-2.4913,0.1143,-2.0636,-0.3313,-2.9917,-1.8239,-0.5796,-2.3036,-2.1795,-2.2396,-0.3647,0.9965,-2.2798,-1.2658,-1.5119,-2.6269,-1.4753,-0.1287,-0.1898,-0.7813,-1.2837,-1.6,-2.3086,-0.7514,-1.6917,-1.1542,-1.0365,-1.564,-0.6092,0.1118,-1.8624,-1.5712,-1.9393,-2.8151,0.7126,-2.418,-0.9618,1.5871,-0.7518,-1.6005,-1.7165,0.6746,-0.1049,-2.1111,-1.4439,-2.6255,-0.1948,-1.176,0.0873,-1.2837,-2.5849,-0.2708,-0.0691,-1.7333,0.6507,-0.3785,0.3342,0.0063,-2.2586,-1.0806,0.2485,-0.3719,-2.4057,-0.2885,-2.3361,1.3307,-1.4824,-0.4999,-1.0826,0.3214,-1.5334,1.5795,-2.2887,-2.3392,-2.4068,-0.5157,-1.0541,0.1579,-1.9834,-0.7493
61,-1.0847,0.0869,-1.1047,-0.7028,-3.1821,-1.6049,-2.3056,-0.9183,-0.2476,-2.2349,0.3161,-2.6795,-2.9977,-1.9929,-0.8262,-2.0287,-1.5306,-1.6145,-3.1123,-0.9276,0.0412,-2.0534,0.6119,0.3865,-1.7533,-2.9114,-0.4722,-1.6576,-1.6286,-2.2073,-2.4384,-1.4267,-1.8103,-1.8376,-2.87,-2.2472,-2.8285,-1.6634,-0.3046,-2.3392,1.6115,-0.8063,-1.929,-1.2719,-0.7932,-2.5614,-2.5536,-1.3082,1.0573,0.459,-0.7156,-0.626,-2.8932,-1.7916,-2.6479,-1.2961,1.1773,-0.7302,1.0293,-1.8226,-1.5833,-0.5332,-0.2175,-0.6589,0.0353,0.1776,-0.5449,0.3242,-2.3248,-1.8767,-1.665,-1.1561,-1.4593,-2.8986,-1.6676,0.1692,-1.9683,-1.576,-2.849,-1.3595,0.4815,-0.8975,-1.8885,-2.2229,-2.0418,-1.2899,-2.0295,-1.3429,-2.5472,-1.2648,-1.3352,-1.7065,-1.8152,-1.5046,-1.5187,1.5298,-1.6671,-1.3341,-1.6842,-2.221,0.8088,-2.3218,-0.0505,-2.6897,0.5254,-2.025,-0.255,1.3249,-0.0529,-0.4652,-0.1546,-1.8965,0.6889,1.2887,-1.8728,-1.6766,-1.929,-2.9565,-0.1303,-1.9173,-2.3372,0.0621,-2.974,-1.059,-3.0221,-1.6863,-1.4671,-1.4824,-2.1362,-2.0318,-0.1446,1.0683,-1.7148,-1.2612,-0.9913,-2.6325,-2.5282,-0.0591,-0.2235,0.0689,-1.9303,-1.088,-2.2857,-1.1514,-0.6626,-1.0487,-0.7533,-0.2141,-0.9702,-1.3239,-2.2303,-0.4213,-2.0479,-3.3326,0.2977,-2.7318,-0.9034,1.5099,-1.8971,-1.4554,-1.4016,0.2389,-0.0788,-2.678,-1.1144,-2.0549,0.0896,-0.5748,0.534,-1.3505,-0.6644,0.9599,-0.3037,-2.1203,1.1864,-0.5175,-0.8176,-0.1067,-1.6225,-0.9491,0.2233,-0.8618,-1.7904,-0.8788,-2.1893,0.6025,-0.4776,-2.2164,-1.3517,0.267,-1.515,1.6152,-2.2443,-1.7395,-2.7334,-0.916,-1.5292,0.2009,-1.597,-0.9091
62,-2.7046,-0.7358,-1.3127,-0.1239,-2.2453,-1.837,-2.7952,-1.2903,-0.7044,-2.6751,-0.4006,-3.0428,-2.1919,-1.8958,-0.8642,-1.7126,-1.4049,-1.4143,-2.6882,-0.8486,0.3252,-2.3086,0.0515,0.8347,-1.2961,-3.2754,-1.644,-1.7632,-1.7087,-2.8268,-2.2009,-1.7655,-2.5849,-2.1576,-2.3497,-2.6693,-0.8366,-1.5985,-1.3525,-2.0204,1.825,-2.9337,-2.8353,-1.4041,-0.8526,-2.2192,-2.0303,-1.2,1.1769,0.6439,-3.0555,-1.3269,-2.9604,-1.7487,-1.4355,-2.0923,1.4043,-1.7743,1.4149,-2.4079,-2.435,-0.7875,-1.9276,-1.4714,-0.264,0.1702,-0.5117,0.1544,-1.2783,-1.6134,-1.735,-1.053,-1.9892,-3.2468,-1.4225,0.0494,-1.8357,-2.1396,-2.6956,-1.6482,1.3305,-1.2289,-1.682,-2.7985,-2.1136,-1.8426,-2.2907,-2.7473,-2.1337,-1.207,-2.0683,-1.9324,-1.3525,-1.7373,-1.8663,1.6225,-1.8122,-2.2808,-2.2586,-2.0915,0.6125,-2.7442,0.269,-2.5731,0.6688,-1.7076,0.205,1.0722,-1.0724,0.6956,-0.3788,-2.176,0.5349,1.366,-1.9812,-2.2877,-2.1219,-2.945,-0.1227,-0.7109,-1.7344,0.3701,-1.4863,-0.4562,-2.5943,-1.5688,-1.9576,-2.4146,-1.9072,0.2295,-1.5283,1.2805,-2.9508,-1.4,-2.3947,-2.6409,-2.738,0.3718,-0.0837,0.5723,-2.1973,-1.4213,-2.9623,-1.6175,-0.706,-0.7569,0.4604,-0.4071,-1.3329,-1.0197,-1.9834,-1.642,-2.4877,-2.8218,1.0396,-1.2794,-2.4361,-0.0177,-1.998,-1.2201,-1.0054,0.9918,-1.127,-2.7678,-0.6343,-2.3187,0.4628,-0.9779,0.7103,-1.0167,-1.001,-0.6836,-0.7238,-1.9078,1.1908,-0.0235,-0.6526,-0.2336,-1.7187,-1.0393,-1.772,-0.7495,-1.3552,-0.0537,-2.4169,0.8707,-0.8153,0.8169,-1.9776,0.1565,-1.621,1.4215,-2.2229,-1.8728,-2.1689,-0.8479,-1.7714,0.014,-0.626,-0.4852
63,-1.9428,-0.8287,-2.0534,-1.0762,-2.3752,-1.8202,-2.6367,-1.1202,-0.6751,-2.3871,-0.983,-2.6228,-2.532,-1.7796,-1.4939,-1.931,-2.0114,-1.0874,-3.2089,-0.4897,0.4772,-3.0078,0.3081,0.7992,-0.6533,-2.8771,-1.9194,-1.159,-1.7522,-2.7903,-2.0956,-2.1178,-0.6532,-1.9428,-2.3207,-3.1583,-2.427,-1.7115,-1.8573,-2.1354,1.1552,-2.7442,-2.1456,-0.9553,-0.5418,-2.2877,-2.5434,-1.0735,1.5915,-0.4797,-3.2239,-1.5123,-0.3429,-1.7204,-2.1663,-2.0762,0.932,-1.3811,1.8244,-3.1258,-2.2443,-0.2594,-1.689,-0.8407,-0.9755,-0.0444,-0.3053,0.5389,-2.0182,-1.9085,-1.7964,-0.7012,-1.9958,-3.4933,-1.1504,-0.0546,-1.644,-1.5046,-2.2779,-2.2247,0.9301,-1.1014,-2.1955,-2.0387,-2.4841,-1.4477,-2.4734,-2.7855,-2.8456,-1.2758,-2.1681,-1.7481,-1.6195,-2.0122,-2.886,1.1278,-1.6607,-1.515,-1.1463,-1.8295,0.2856,-2.4102,0.329,-2.5472,0.3876,-1.3907,-0.0376,1.8329,-0.9504,0.7647,-0.3725,-1.5455,0.2963,0.917,-1.5408,-1.8767,-2.1037,-2.532,0.2809,-1.0521,-1.722,0.6563,-1.2715,-1.1298,-2.6339,-2.3167,-1.9726,-2.1768,-2.1345,-1.6955,-0.2738,1.6169,-3.0038,-1.0924,-1.5069,-2.3752,-2.3006,0.814,-0.5534,0.5986,-2.5916,-0.9118,-1.655,-1.9255,-0.7209,-0.8554,0.1041,-0.2664,-1.3696,-1.4176,-1.5357,-1.316,-2.0715,-2.2701,0.4874,-2.9488,-2.2634,1.3521,-1.7522,-1.0547,-1.1977,0.3305,-0.77,-1.9936,-0.7288,-2.7106,0.9281,-1.446,0.4289,-0.5602,-1.8793,-1.2157,-0.7839,-0.3293,0.8863,0.3806,-0.4832,-0.2586,-1.7574,-1.4939,-0.204,-0.4053,-2.0988,-0.0875,-1.501,1.2396,0.2102,-1.532,-1.7838,-0.1684,-1.5985,0.5914,-2.418,-1.5078,-2.2614,-1.2444,-2.4057,-1.1441,-0.7361,-0.6874
