Sample,6178,4027,86,4193,1611,1666,698,2481,5197,2127,6574,5291,5970,4115,5182,103,5118,5053,1054,6324,1351,476,2258,529,4733,554,3103,5174,1200,7114,6563,1091,5099,139,2879,43,741,4618,2932,1855,2005,6836,4233,4577,2042,6724,1499,3608,2774,1372,3413,5934,833,1220,3118,686,2571,3298,7028,4141,6729,5129,3623,5385,5022,943,2802,5076,6059,4995,6784,348,6702,2426,6599,5067,6475,5504,2266,2063,6055,3372,4736,5594,1692,127,789,1970,6674,3045,4291,2120,1621,6041,3963,4121,4462,4255,2431,2091
1,12813,14742,-6,42,622,-143,318,1176,40,1537,824,442,240,7208,776,-45,81,241,1129,33,4413,390,22759,303,18,2072,-116,-37,178,286,509,6921,49,1370,166,18614,38,-20,223,1655,-51,479,850,17,9170,39,831,-52,-118,10942,253,16672,8811,269,362,-132,207,79,-98,5963,602,3037,31,8,457,170,10100,156,24,-84,-196,-161,-115,754,179,-360,303,-540,138,419,182,-420,-7,51,67,-55,-131,462,282,-347,7578,5011,237,245,297,-59,7454,-606,1309,294
2,13190,12641,226,12,551,-193,1071,7006,8,8379,927,248,258,13498,939,-9,77,1861,1105,203,10383,726,25484,108,52,3468,-51,109,102,176,435,10405,49,-124,262,24237,200,1072,157,970,-88,682,1034,-59,11000,17,856,-58,175,9756,175,34276,9802,1223,332,-361,107,-282,-373,2276,883,731,-1,2,402,-80,8123,-12,-132,-58,9,186,-18,564,20,135,113,-507,-124,198,42,-200,3,32,-57,3,-23,219,409,-104,11102,13372,293,108,189,-102,10339,-469,1045,589
3,13540,12730,275,30,1434,-105,1013,5328,-46,13273,1059,851,406,9975,1236,-23,164,690,1466,146,9152,725,24446,95,31,3177,33,-77,127,299,468,8512,94,1301,146,18588,83,1536,193,2160,-66,626,3543,-43,10644,13,558,-16,-65,8599,238,29945,8535,404,632,-265,422,-323,-145,11863,682,1156,71,76,493,63,9921,-48,38,60,-238,711,31,454,47,-96,237,-340,42,216,140,-624,-48,3,416,-76,-116,562,623,-415,11284,11535,695,215,171,-63,13452,-874,646,669
4,17157,9872,89,-43,311,-75,922,3691,47,6635,2392,378,236,8912,690,11,160,825,1184,126,3800,410,20019,-15,75,1674,-97,146,109,63,220,10594,-5,323,218,23619,33,2818,75,1692,-91,394,1168,-45,7861,37,614,-31,-144,8998,222,42653,5867,614,345,-101,384,128,-232,3798,543,430,-13,9,335,-293,6744,-73,-85,89,-152,190,-19,474,31,17,15,-476,170,222,79,-238,-43,111,716,-61,17,634,529,-224,9979,10640,180,166,89,-61,7248,-486,325,608
5,12063,18742,-17,80,581,-150,692,2038,24,625,1019,537,367,4583,701,-68,207,259,1845,47,3905,1097,27520,86,57,1180,29,-67,88,188,491,824,48,189,157,21550,196,-40,226,1630,-99,374,692,-3,3897,2,625,307,-33,9563,448,9772,5109,-15,1003,-206,82,15,-252,5631,326,908,38,-4,442,264,11459,-82,-121,-4,-284,486,-5,430,99,-158,207,-519,31,132,200,-104,-5,54,657,-32,-24,136,310,-106,4553,2654,338,75,178,-57,3168,-811,338,1186
6,14997,11217,441,-42,485,-71,427,4282,-23,8460,809,170,322,10571,808,-140,84,266,1611,104,9065,748,26325,189,46,2847,2,-78,42,146,373,14710,68,-2,85,19882,182,1813,296,1171,-17,441,1607,2,8310,-5,640,-50,-57,9328,254,20399,9054,551,454,-240,116,-177,-165,3831,281,890,28,15,161,92,12352,42,-59,-47,-160,636,40,354,57,-222,28,-494,-127,147,22,-93,-16,91,52,-95,-85,263,327,-75,13584,15061,359,242,56,-13,9640,-631,487,821
7,18949,11148,131,6,126,-194,183,1809,6,16846,1659,189,241,9090,612,-22,52,289,1422,81,17809,167,26825,52,-36,1478,-171,144,27,117,128,7720,56,194,61,28019,-135,567,194,576,-90,291,918,-94,9705,40,393,-67,-1279,7943,526,23628,8267,884,70,-454,11,6,-146,5069,334,601,-40,-13,264,246,7753,-54,-56,-33,-208,149,-122,198,-174,-38,33,-599,-52,142,-9,-400,-117,-40,-205,-137,-33,40,54,-92,21846,8993,137,169,99,-76,8746,-230,201,296
8,12873,1030,7631,91,640,-125,1038,7468,-14,15060,1261,351,376,7300,886,-152,186,1265,1218,125,11191,1064,26974,-13,10,2148,-166,313,141,173,425,5600,-6,458,155,20790,66,1612,417,2838,14,310,1349,-38,7410,175,573,107,-28,7702,339,16464,5930,-456,497,-520,154,-215,-387,8018,456,877,49,85,421,-193,7209,95,-250,-17,-355,325,20,411,-43,-298,70,-523,203,194,139,-220,-32,58,184,50,62,1102,349,-100,7898,4841,204,208,114,-55,6839,-485,443,835
9,12390,9841,426,24,389,-252,228,588,-52,4387,1581,139,322,9806,1042,-68,-7,449,1286,24,10917,233,25872,111,-30,4040,24,-77,28,96,204,4577,22,124,104,20899,-8,1,38,495,-60,401,1086,-44,8654,12,401,-43,-3575,12511,527,3120,8761,312,744,-266,-102,-299,-333,1470,601,781,26,-25,214,39,16541,181,-215,-87,-342,721,-85,292,15,-256,39,-668,200,211,41,-150,-147,9,121,-172,-95,190,205,52,7082,6837,456,107,328,-116,9582,-319,301,289
10,12985,14099,197,-12,562,-124,468,7157,42,9699,1059,351,313,12167,909,49,79,1684,1206,104,10307,978,27754,114,-11,2812,42,260,106,203,367,13139,28,72,157,22626,51,715,255,1402,-86,538,1346,-42,15094,0,771,-74,98,10246,198,32040,9746,1347,429,-156,163,-183,-103,2994,731,926,14,-32,416,-32,7982,158,-71,-21,-173,143,-117,459,133,-75,51,-478,6,269,63,-236,-25,73,5,-88,-40,284,226,-124,12693,13274,566,161,117,-142,10015,-766,1083,742
11,13887,6672,199,3,792,-510,258,2979,21,12293,2436,623,101,4838,1632,-293,63,278,799,164,10767,619,23045,80,-15,3410,-178,-485,23,282,487,1340,-3,439,88,24319,178,2501,443,2775,-38,1030,3138,-157,4569,26,1087,337,-512,6756,613,5830,5344,-209,462,-527,78,-389,-1239,12413,941,940,57,-78,1398,-67,7571,-95,-621,-17,-452,157,47,817,-124,-59,69,-734,120,320,287,-372,-232,1,218,-178,-253,719,748,-224,9058,6016,235,222,195,-113,6108,-822,688,765
12,13308,9548,378,13,202,-145,421,2417,47,9709,956,158,345,10117,688,31,31,101,2112,198,7815,479,27908,148,-1,2127,-47,-134,138,129,233,10277,0,-11,59,21100,37,689,123,2658,-33,395,1554,-35,13935,-36,532,-60,-116,7649,138,32502,9514,871,463,-182,57,-91,-178,1645,260,855,9,42,238,-143,9694,100,-103,-9,-54,502,10,164,-11,-93,47,-456,21,180,84,-67,-36,-6,3,-35,-23,346,290,-79,12199,13075,244,235,134,-28,9876,-370,357,925
13,14858,18187,431,81,1698,-225,779,4613,-20,2948,1196,277,-40,13329,1274,154,94,51,1340,27,11543,930,22056,190,31,6531,-285,15,223,163,646,14366,20,1246,129,16815,-18,822,1117,468,-72,399,2735,-43,7157,-3,607,-81,-1717,14085,303,13895,15764,544,796,-215,263,-103,-167,6712,267,2087,55,3,351,84,13628,80,-98,-96,-212,744,-3678,398,-20,-169,240,-603,306,344,176,-200,-185,49,-19,-60,-251,234,346,-123,15467,11629,417,175,105,-262,16891,-399,450,685
14,17657,9638,39,50,848,-343,412,1935,-23,475,1356,507,110,11959,1208,20,122,80,1681,73,2886,687,16112,53,-27,1407,-87,-20,110,318,544,13177,27,735,339,21570,66,472,304,655,-119,731,1008,-85,4210,13,1492,-89,-66,2339,283,27654,4427,-6,341,-83,228,-339,-143,2966,279,786,41,-50,745,-41,5412,85,53,43,-364,-119,-76,592,163,78,124,-726,182,251,140,-320,-34,99,113,-39,-154,66,938,-362,6328,8247,376,304,189,-29,8222,-913,705,108
15,4964,2893,2870,74,525,-231,489,3336,15,10797,1092,157,-74,3710,1131,2,131,721,515,61,1427,425,21917,110,188,1012,-280,355,0,409,448,4088,144,571,273,12693,38,494,267,1813,-74,600,1218,51,1983,105,579,-172,-43,363,646,1996,2777,641,85,-43,175,-229,-182,3926,211,615,38,-100,448,-33,5361,-193,231,10,-523,-329,-59,937,146,-448,103,-633,152,218,118,-409,5,41,1517,-25,-172,327,417,-190,1643,4238,409,314,293,-15,4052,-852,1004,154
16,12720,13992,295,159,336,-185,897,1739,29,359,884,362,321,9686,1342,166,25,1516,1421,102,7481,284,23368,193,34,3021,-116,-71,194,139,398,5956,70,1446,173,15780,78,119,433,1765,-45,455,1578,-12,7963,55,645,-66,-163,12838,172,8090,10689,176,243,-83,267,-77,-167,5697,691,2316,11,120,356,268,14055,199,-73,-5,-158,326,-70,509,79,-249,556,-731,315,260,787,-127,-53,51,769,-199,-123,1075,213,-121,9453,6721,435,96,166,-92,9522,-266,607,330
17,10248,8474,1022,92,627,-379,256,4172,40,9876,1956,292,-401,8549,1034,174,228,274,1038,36,8886,572,21251,84,58,1478,-200,-31,32,124,146,3595,42,735,217,20311,-121,855,388,4697,50,362,1418,-71,1936,36,576,217,-1060,5001,349,2577,8892,-303,370,-159,419,-77,-198,12691,122,2919,114,-36,379,84,9230,-256,-292,-15,-49,416,-1290,229,28,-83,601,-988,245,276,147,53,-196,42,647,-124,-255,358,440,-218,6233,5899,250,98,-28,-129,4188,-549,157,388
18,9469,14990,301,36,1827,-198,177,2589,-10,1301,640,280,130,7754,1332,206,-10,523,2374,123,5526,345,23809,239,51,1503,-185,91,50,160,217,5793,101,787,209,19491,-22,-183,264,486,-30,307,567,-6,7224,43,570,-38,-993,10445,128,6516,8947,-82,532,-233,64,-214,-443,2687,1680,1690,75,59,343,358,11122,211,-276,-51,-266,576,-2617,483,-4,-143,498,-829,234,270,336,-237,-151,4,780,-84,-253,356,433,-192,10938,3836,269,111,140,-97,6646,-347,428,307
19,16260,15606,-17,168,194,-202,341,5227,22,5196,1671,503,17,13570,2260,-92,50,170,620,78,11144,79,22996,264,54,3342,-198,-550,68,379,434,5227,27,1987,244,18826,-194,701,756,6951,-44,746,6706,-5,4195,46,1247,-21,-206,12022,246,7934,14127,469,394,-115,615,-192,-113,8999,879,2016,-25,-1,769,-255,10355,-55,-7,62,-353,-70,-124,773,279,-553,632,-431,-24,130,421,-382,-40,51,7599,-137,-240,308,661,-227,9944,8534,488,289,170,-125,8415,-996,939,686
20,7699,10803,1290,1,529,-441,243,2592,-11,5762,789,168,-451,8505,873,129,-19,180,582,60,5773,48,24609,134,-5,1617,-216,-16,30,272,388,3356,41,269,227,16424,-199,-54,305,1095,-100,516,634,-133,5319,-22,621,-10,-2589,5467,315,12914,4977,-290,301,-219,97,-147,-469,4739,728,1489,119,-69,343,48,7490,265,-728,-123,-327,10,-2546,456,-57,-97,488,-903,79,102,199,-196,-371,17,45,-200,-301,81,214,-275,3439,4711,439,119,102,-147,4996,-511,626,253
21,6105,3001,-165,-42,569,-207,473,801,-39,827,2176,258,71,3872,1013,5,10,220,204,66,4859,175,28223,162,103,1213,-316,-151,-10,252,452,2517,-2,513,311,21136,37,165,218,-21,-165,734,1397,-26,1061,-109,1027,-125,-223,1216,242,2339,2866,7,242,-172,228,-521,-226,2602,425,556,31,53,502,-242,5359,191,-10,-42,-303,-226,5,1075,322,-971,71,-1234,-343,356,79,-582,-79,165,-2,-204,-234,93,444,-324,2376,6014,675,204,449,-191,2746,-1657,540,143
22,14184,20942,452,211,1580,-941,959,11704,-150,15615,4065,683,-581,8936,2458,-53,166,1312,1217,103,8011,2180,21862,386,179,4196,-520,-135,131,427,451,15204,47,1499,230,18433,-202,1742,1005,1200,-151,1022,2001,-227,14241,91,1258,-96,-1524,10618,481,31746,13034,740,683,-375,518,-582,-986,7205,879,1555,89,59,844,-494,11505,106,-241,-273,-441,573,-5037,430,-11,-118,967,-1742,292,201,267,-466,-598,52,7402,-292,-658,709,614,-302,13967,8489,652,516,120,-467,16804,-451,702,734
23,6163,13342,143,86,1968,-78,784,2584,11,1204,829,242,435,4241,766,116,304,1441,2273,103,3361,659,25993,233,61,1628,8,114,193,168,291,3660,43,1167,77,17326,82,-187,225,511,52,337,1770,-47,1362,132,404,-31,-203,8647,549,1890,6529,54,665,-95,242,-76,-47,2444,510,2414,97,58,242,-60,12674,139,-51,-25,-204,542,-101,380,-73,-179,248,-420,151,182,62,-187,-9,192,6523,-85,-69,487,145,-110,1974,2885,399,58,99,-21,6478,-263,538,295
24,13154,8834,819,149,1035,-167,1330,5758,5,9196,2868,341,140,9956,1301,182,241,1377,884,182,8643,1506,23473,217,80,2300,-282,847,92,222,211,6890,59,489,191,18302,51,786,385,2288,-44,457,5826,30,1679,85,812,103,-105,10057,449,3916,6846,-387,659,-123,200,-269,-268,12784,716,1713,9,-2,381,235,12430,159,-41,1,-302,432,-532,614,81,-115,332,-971,-10,235,184,-388,-58,48,6477,-94,-125,318,318,-43,4057,3024,878,154,162,-63,5353,-724,698,797
25,10045,9773,658,102,534,-156,622,6712,23,6951,1215,291,131,8722,977,70,221,1276,975,62,5460,911,25672,181,92,2586,-266,307,105,278,284,11408,52,440,235,20921,65,1307,339,2146,-61,527,1311,-19,7713,45,645,-53,-160,6021,422,13769,8486,33,524,-156,495,-287,-143,4884,527,786,56,44,345,351,11391,138,171,-16,-181,185,-181,666,74,-129,281,-798,172,302,150,-270,-47,59,818,-141,-192,333,545,-162,6312,10609,471,230,163,38,7564,-1167,448,488
26,2023,2675,-25,186,526,-265,702,4502,12,1521,997,326,10,2029,1197,158,240,1647,186,64,800,763,24611,263,131,1488,-229,-85,58,309,311,1762,131,413,250,8869,-22,-324,186,1850,-96,564,848,-4,2192,79,731,-16,-144,2036,386,10841,2968,-965,321,-186,286,-248,-321,2251,336,1189,8,-16,359,-259,6695,-100,-125,35,-244,-131,-45,777,311,-146,275,-915,-71,409,163,-351,-96,68,1135,-41,-150,418,273,-183,731,3478,436,150,290,-89,3392,-1043,1047,284
27,4767,7053,-12,16,499,-392,-99,361,-63,1722,700,312,-103,6658,874,-22,-107,192,255,75,3166,-144,27636,131,23,2155,-298,-196,22,204,168,3630,93,559,187,19569,-311,9,137,96,-192,658,257,-121,1087,-36,1176,-63,-6088,9645,201,10364,4980,342,39,-222,-18,-190,-1477,2102,524,793,15,-92,473,465,6636,116,-141,-116,-311,-214,-393,730,149,-128,75,-942,96,288,63,-120,-199,-39,-382,-375,-169,-65,305,-342,4739,4613,441,192,249,-102,6501,-772,695,67
28,9022,9173,166,35,778,-321,104,3280,-12,808,926,54,64,9115,820,36,47,452,686,81,5968,258,22284,177,38,1730,-117,50,140,256,287,6388,57,336,94,22004,86,-285,139,226,-27,423,539,-27,1607,-32,616,-14,-463,6920,210,3488,5817,-466,646,-159,221,-159,-109,4303,464,547,41,9,205,28,8596,102,71,-108,-295,219,22,444,-10,-131,159,-721,-114,325,67,-630,-24,42,180,-83,-110,212,331,-148,4906,4435,324,128,186,-34,4481,-690,210,140
29,3625,2065,2344,25,530,-249,462,5176,41,3982,1065,505,121,2941,1054,251,386,1468,155,166,1397,569,16787,233,114,1111,-276,478,61,269,450,855,13,988,128,8220,80,1509,356,1827,-36,892,1740,-66,457,-50,1495,9,-118,1866,1198,2310,2726,102,265,-178,439,-150,-59,4718,805,766,75,50,484,-224,4046,80,-228,-66,-311,-283,11,880,414,-180,153,-601,-68,354,256,-411,-132,100,1047,-86,-153,514,857,-425,2092,2664,414,205,224,-93,1896,-864,1269,182
30,13691,11160,13,28,288,-544,422,1865,-28,1719,2129,383,-706,8318,1587,21,535,1037,788,16,9276,325,23351,222,34,2079,-70,-75,40,132,279,4747,49,730,201,18573,-178,393,214,1233,-112,535,1113,-106,4756,-19,803,-74,-2142,9570,323,15923,8589,-15,298,-217,195,-61,-402,8402,615,2017,25,-8,438,-74,13265,277,-152,-91,-185,573,-1662,472,-5,90,217,-810,225,300,162,-258,-201,-7,759,-201,-218,542,574,-212,5915,6963,343,205,128,-239,9835,-764,369,224
31,14341,17953,41,66,1207,-228,638,3604,3,957,2858,834,637,9894,1528,230,233,1744,1939,69,9770,578,23026,244,204,1361,-180,-98,422,269,965,11388,23,1288,250,16661,78,1289,470,1951,-67,941,1725,-41,10333,89,2024,-48,-113,11709,322,8112,10941,759,984,-142,528,-117,-159,7017,1338,1620,26,112,511,283,14803,200,51,-9,-334,354,-55,1050,126,-184,834,-792,301,373,470,-303,-54,33,2033,-62,-208,914,228,-368,12238,7393,479,314,332,-26,17687,-1249,2258,631
32,14738,14625,123,9,210,-218,280,2156,-17,2801,1353,381,216,9368,1115,25,311,394,610,43,7602,464,19038,194,31,1582,-100,84,83,200,386,5844,24,693,185,19732,7,449,419,1509,-135,1189,1353,-41,4267,29,1131,-32,-157,7071,348,33113,9099,-305,401,-144,423,-109,-203,9860,608,1729,43,36,636,157,11763,-31,-157,-32,-254,251,-99,778,67,84,165,-1076,52,315,109,-287,-22,86,1623,-52,-240,459,550,-227,7900,7077,312,276,47,-99,7429,-1403,1240,308
33,12320,19721,688,87,177,-807,406,2717,44,4342,912,324,444,9434,787,-182,-47,1281,1118,169,10938,813,25171,134,-1,5530,-126,-67,274,129,606,12121,66,191,41,17933,-143,501,525,291,-86,705,2667,-117,3564,95,888,-201,-2296,14201,312,5491,14817,279,740,-529,87,-230,-224,11767,510,930,-9,51,575,307,16166,-80,-495,-134,-431,904,-382,449,-157,-83,74,-727,122,191,13,-323,-402,-11,82,-223,-18,148,393,26,14120,5161,301,298,215,-116,10588,-605,603,459
34,13783,13418,380,228,656,-133,1466,8830,10,12611,2961,384,240,12008,2779,600,116,1380,1100,105,6551,2757,23290,195,198,4069,-121,380,207,244,430,13939,21,2414,253,17843,61,1438,1103,2669,63,443,1968,-19,9916,96,738,21,-149,7705,184,30021,9857,747,583,-143,582,-35,-53,9168,762,2084,110,67,448,132,11401,103,52,-7,-69,527,-125,517,-21,185,685,-333,279,292,317,-128,-27,30,740,-108,-150,810,619,-98,12781,11913,367,587,42,-58,13852,-843,1226,748
35,8566,6553,543,-9,198,-609,259,1167,-61,3123,1871,255,0,4087,1682,23,-66,127,420,179,8075,448,22931,477,28,2466,-137,-122,33,368,595,3728,75,600,349,21873,-103,75,141,1431,-193,1247,987,-132,680,-47,1616,-132,-708,5656,359,23475,7574,548,174,-368,137,-420,-3066,4281,916,548,127,-37,1200,75,5604,70,-189,-160,-505,-727,85,1356,56,-174,122,-893,240,368,47,-855,-505,56,-103,-567,-179,-37,675,-666,4342,3751,765,259,496,-269,4876,-963,1549,14
36,13687,7207,3966,113,728,-192,802,10627,1,8378,2195,500,181,11990,1120,357,263,1972,1070,46,4008,2942,23563,76,142,3751,49,416,181,183,298,11354,113,298,146,18263,-20,1965,533,785,30,312,1042,-11,10683,51,624,-20,-31,6462,235,33261,6212,316,597,-245,407,-48,-153,3844,268,1557,45,94,521,138,9713,81,-52,34,-153,219,6,387,-35,-9,154,-517,332,396,47,36,-25,141,76,-68,-50,295,503,-81,6341,15733,538,196,52,-91,11277,-392,703,684
37,13697,11245,1183,1,872,-100,1460,4535,4,812,2222,335,354,9867,512,82,150,679,1199,90,11090,639,27543,35,21,2590,-47,33,153,84,430,4132,7,425,133,20918,208,1239,572,2779,-27,196,4345,2,3854,29,353,-8,-20,9225,675,6234,7621,587,426,-99,271,103,-127,5993,458,1623,44,33,176,-32,8860,18,-126,-7,-147,635,33,307,2,-120,109,-259,144,221,66,-70,-18,29,582,-23,-53,843,154,-96,7885,5073,242,84,82,-135,7259,-324,207,627
38,15344,9245,2221,2,246,-123,728,3694,54,2916,375,591,452,10844,842,-52,10,836,2172,130,8890,716,27683,328,27,2933,-127,-2,93,123,387,7982,57,262,153,19774,143,1191,564,5204,-31,410,1871,-21,4733,41,573,-103,-61,8842,306,13040,9822,-140,506,-164,155,-36,-177,10997,547,464,3,-32,282,7,17440,80,-64,16,-104,1031,99,314,-57,71,123,-563,254,173,80,-122,-42,60,3,-21,-23,243,356,-62,13040,5469,265,94,187,-134,11956,-687,656,220
39,8849,3713,896,-61,416,-279,858,5077,14,18842,2837,395,171,8313,1152,-101,168,349,433,125,3361,75,20535,442,125,2304,-128,69,171,672,800,9215,2,651,558,20911,-64,-32,279,2325,-37,1792,1734,66,4094,-69,2246,-119,49,788,695,37268,4481,93,384,-352,328,-570,-325,5051,235,823,-34,20,608,-535,7065,-293,-119,-46,-646,-500,34,1920,503,-1099,258,-1073,66,480,5,-436,-23,142,5,-107,-232,119,1021,-424,6623,11055,875,535,785,-87,5200,-1728,2249,503
40,8180,6977,228,221,494,-46,103,3848,-31,1045,1158,400,-6,4370,796,170,-7,893,814,63,6962,492,22044,103,65,636,-79,-139,31,175,214,3328,23,723,142,16883,-88,457,353,3182,-65,342,2170,-9,2252,-7,458,-71,-278,8353,199,10553,5174,-165,210,-115,226,-209,23,10339,425,933,154,36,338,-119,9580,72,-25,-62,-338,415,-79,463,41,-218,407,-183,114,126,166,-207,-77,54,4380,-133,-120,314,249,-93,3307,4795,448,244,136,-52,4179,-441,492,216
41,11486,7449,-69,122,429,-354,274,4495,-20,799,288,366,-450,8157,1680,145,312,324,-5,16,7016,1183,24098,197,63,2600,-196,-121,75,268,300,6560,-1,1091,212,15920,-216,2105,569,808,-123,736,949,-112,6448,-16,828,-27,-1983,4839,155,29843,5821,358,435,-229,220,-88,-253,11826,262,1608,20,-14,371,110,9251,127,-322,-86,-266,110,-2933,482,24,22,598,-643,366,232,530,118,-370,3,-31,-399,-204,521,450,-226,6984,10614,345,283,156,-202,6893,-537,827,497
42,13069,12422,-43,195,636,-283,1981,2540,-54,4609,638,321,-506,12751,664,19,353,261,527,0,12521,482,21812,146,71,2980,-86,-102,96,99,294,9653,34,698,106,20335,6,1428,480,379,-151,262,620,-77,3630,-9,549,-64,-2242,8600,158,12739,8705,448,403,-224,367,115,-76,7323,457,1642,68,11,264,166,7907,122,-350,-53,-80,403,-1879,215,-30,-46,309,-514,203,165,125,70,-253,13,-147,-202,-254,145,128,-56,10368,9919,110,171,69,-151,9077,-228,259,145
43,9887,13502,-62,35,633,-405,182,994,-1,1370,909,316,-805,5781,941,-51,9,98,525,37,4541,-122,21453,347,52,1888,-175,-149,51,209,329,5593,76,1378,184,21184,-140,47,153,1675,-195,755,551,0,8411,41,1260,-39,-2807,8976,214,14679,7089,154,286,-338,44,-97,-390,5221,404,2555,-17,18,474,129,8199,143,-148,-120,-339,-124,-1598,967,99,-86,234,-440,266,311,114,-70,-323,-55,-197,-425,-329,222,444,-302,7279,4875,310,238,236,-279,8121,-579,1222,253
44,13511,6353,321,7,202,-94,768,3032,28,6720,983,177,217,8574,695,145,58,639,905,159,8882,285,28011,52,7,2819,-31,-76,118,52,321,5837,50,300,95,18546,70,1120,250,805,-26,322,1311,6,5523,34,452,-3,-83,11658,219,22556,3879,514,451,-243,60,8,-177,13628,503,827,3,28,333,180,16798,101,-62,-29,-176,914,40,170,-25,-85,67,-328,62,63,56,-188,-17,40,35,-22,32,163,151,-18,8894,11103,210,157,31,-116,9122,-218,425,451
45,9064,15958,166,105,456,-105,234,2239,1,3683,909,199,12,6702,1481,138,42,101,980,110,3858,385,24810,132,48,1031,-106,42,126,160,203,5706,-31,492,133,22959,5,175,220,971,-5,340,771,-28,4020,-28,318,5,-139,7688,204,4158,7704,-284,241,-54,193,-62,-73,3979,486,1141,112,29,220,106,9046,-112,12,-64,-92,123,-119,325,101,-239,308,-624,-15,118,28,-204,-18,39,405,-27,-89,293,294,-72,5144,3770,421,145,81,-42,5130,-411,523,147
46,14153,19547,3150,330,2566,-333,3355,12064,-19,16370,5199,527,580,11030,2835,240,642,3811,2364,228,10482,3442,21025,299,166,5293,-66,1996,278,443,1093,10261,189,1048,346,17331,401,1951,668,6496,-72,983,1777,-5,7620,224,1738,19,46,12468,1721,21112,14218,208,1789,-268,904,-430,-326,15053,1375,3561,55,19,612,-543,15267,-37,-33,16,-548,585,-42,980,246,-666,1364,-800,111,291,316,-870,-69,128,3870,-151,-239,1791,746,-150,13529,5137,1082,422,194,-179,16332,-1056,993,1102
47,8275,7168,606,59,297,-120,156,1229,-9,1376,2992,411,44,6506,1231,-16,7,829,918,52,5139,245,18169,265,53,2533,106,-217,130,267,373,1315,-39,115,221,26915,55,57,656,1192,-11,587,1209,18,1953,0,1026,-53,-167,1871,1313,6156,1886,-24,550,-59,146,-156,-130,10416,610,1082,115,-24,383,-331,7540,133,-53,-145,-212,-163,111,744,78,-347,267,-825,-111,461,243,-323,-44,55,228,-176,-215,93,511,-133,5842,2565,414,217,290,-87,4268,-974,412,342
48,18447,12728,4,46,121,-133,208,1153,19,830,1225,522,447,6947,1077,23,372,454,1142,68,7905,1993,18248,138,121,2071,-55,-74,73,168,368,1618,38,1137,105,23311,23,-164,583,256,-38,415,2476,-3,2202,-22,575,73,-224,9306,192,9377,10105,114,771,-111,304,-286,108,7226,594,1719,57,-4,254,-307,9242,22,103,-19,-170,323,-178,465,154,-224,223,-638,81,184,259,-307,30,47,337,-15,-133,199,321,-121,5486,4841,267,100,54,-23,5462,-586,428,232
49,14061,11115,221,89,130,-383,88,5077,-29,3033,375,210,60,14543,689,-57,676,180,1335,27,8102,563,24794,82,19,1489,-79,9,81,94,246,10570,35,230,45,19076,-102,383,29,1504,-79,229,795,-73,8037,16,321,9,-1116,9966,80,14396,14308,473,135,-82,105,-101,-113,7879,271,1015,21,-36,248,171,11319,41,-68,-97,-226,513,-1103,277,25,-14,220,-495,206,83,65,-196,-137,19,6903,-135,-165,126,244,-96,10066,10206,164,190,52,-68,6622,-457,642,751
50,15857,10522,238,36,891,-157,120,2720,-36,3341,850,283,-243,8223,1235,294,-2,207,1055,148,5270,387,25338,150,65,1236,-131,-246,30,121,180,6496,49,620,220,21692,68,392,431,796,-68,419,1787,-37,2583,47,615,-83,-43,4814,179,4672,5967,219,236,-65,238,-55,-96,5778,585,1184,120,-61,345,-107,6013,127,45,46,-129,127,-54,505,32,42,361,-513,2,120,282,-139,0,-20,685,-63,-99,223,494,-383,6181,7466,336,176,123,-55,9245,-806,407,367
51,16954,13112,375,35,1134,-116,245,1556,33,2354,1125,686,600,5658,869,99,115,435,1007,71,7184,973,24685,197,4,2696,-39,355,178,181,415,8957,32,358,163,22920,89,591,213,521,-95,438,1338,-30,6877,29,485,-8,-191,5320,276,41348,6812,771,782,-229,217,67,-64,3309,706,875,8,17,228,-121,8211,280,58,-10,-137,102,-274,377,30,-475,115,-342,62,296,67,-406,-39,76,1840,-92,-99,16,342,-157,7323,6491,368,162,160,-48,4154,-106,410,154
52,6683,14119,-62,-29,3080,-257,1125,2391,6,360,298,323,601,9813,1428,142,63,1623,690,91,5155,1876,23259,372,70,4873,-20,32,410,255,1305,8301,62,28,240,17832,307,129,1041,661,0,459,4183,-21,1693,-44,1180,-43,-41,11063,273,10361,9907,-231,1940,-273,225,-164,-524,12262,990,1865,64,25,625,180,14839,419,-170,-68,-149,438,0,920,-175,53,314,-783,236,409,144,-212,-47,-14,58,-54,-229,43,71,119,10541,4013,473,331,271,-133,7107,-729,1358,1279
53,12016,9907,2904,214,478,-172,448,9629,-1,6809,1307,240,318,5377,1417,191,318,603,2628,108,4557,1527,24435,359,48,1088,-66,939,158,178,261,7083,38,732,96,18177,29,362,91,2729,45,422,616,-32,3359,38,633,-10,-250,12297,330,29299,8415,62,441,-246,215,5,-123,3172,565,1631,40,22,235,148,14720,51,-48,-4,-151,376,-149,545,108,-12,169,-662,19,330,139,-35,-28,37,2575,-70,-135,341,264,-90,5249,4027,216,134,210,-48,7806,-629,501,418
54,13642,5071,284,32,285,-230,324,1637,-8,1049,1518,680,214,5801,1078,-53,244,501,684,52,14417,583,20104,273,55,1104,-159,-44,95,391,285,212,64,1164,209,23902,1,1600,413,419,-125,766,3615,-38,370,68,926,105,-229,4592,407,7072,5857,409,607,-113,314,-32,-233,10646,710,830,10,-11,534,-369,7477,-40,64,37,-244,-64,-34,911,254,-205,220,-708,263,373,10,-290,-90,19,28,-74,-232,135,653,-186,4480,3240,268,187,172,-59,4005,-903,655,29
55,15067,17268,-22,147,3611,-129,635,15806,8,3753,1021,639,215,12282,1273,537,177,4109,1218,258,7671,1738,23612,98,112,3927,-85,12,216,84,368,6459,117,2384,290,18629,67,2104,479,3437,24,379,2944,-30,2576,30,639,-15,130,6948,121,13076,8868,448,1303,-81,246,133,-65,7026,502,1626,196,283,356,-77,9969,-8,-129,16,-85,344,-163,523,8,-65,942,-451,227,171,202,95,-28,17,3120,-105,-73,1317,264,-152,8362,9942,549,303,-25,-74,7676,-585,723,916
56,2517,4228,557,33,426,-185,475,2542,0,1603,1380,303,25,3265,943,6,358,1307,660,119,3650,373,27732,221,60,1233,-110,151,108,334,337,2035,30,572,112,18487,151,312,165,2442,-66,569,886,-62,2894,100,968,-14,-213,4102,731,2890,3701,348,374,-113,213,-240,-357,3782,672,1074,-14,37,412,-20,10821,67,-3,-80,-255,-145,-282,748,83,18,189,-574,-102,178,172,-144,-94,18,4310,-159,-191,578,273,-188,2175,1955,532,101,229,-38,4152,-730,731,408
57,10283,5376,730,52,469,-105,539,3616,24,13596,987,271,55,5925,821,79,287,215,709,52,4255,623,22306,126,89,1543,-44,161,152,152,277,5476,46,809,179,18314,68,530,487,1507,-59,312,1041,-23,3249,76,598,-28,-105,3892,382,13793,4012,-4,655,-73,270,-229,-22,5336,536,831,71,54,277,122,6160,89,30,35,-105,167,-146,582,88,-98,182,-393,170,197,183,40,-2,-4,279,-86,-99,681,100,-83,4531,5441,375,316,132,150,6948,-500,651,655
58,13566,14154,158,90,818,-140,512,2649,26,5077,886,315,154,10410,1273,56,76,33,1348,63,9813,704,25507,94,35,1326,-215,80,98,307,163,12610,29,516,87,20545,60,709,-52,725,-13,523,951,-17,8324,34,744,-38,-442,7231,182,37330,5926,115,356,-66,326,-98,-121,3583,600,1061,52,28,356,152,9621,-189,119,3,-146,164,-317,474,158,139,289,-974,187,244,197,-242,-59,43,187,-28,-162,248,535,-88,7995,12913,288,156,91,-60,5758,-976,738,291
59,5988,3498,4290,280,1842,-227,3281,8671,4,21989,2578,895,-34,3547,1256,277,406,2628,212,130,3050,1646,20074,163,149,4220,-44,396,95,243,445,1469,81,788,264,21083,-61,2659,802,1984,45,845,2552,-29,1195,140,1411,-9,-166,685,751,2482,3346,-506,1105,-199,665,-14,-73,9536,1031,1555,85,145,452,-294,4716,167,29,0,-308,-223,-177,875,29,-513,542,-304,-152,294,523,-227,-81,126,399,-92,-207,409,829,-429,4290,4159,873,253,177,-110,2272,-1361,1148,1015
60,3989,2826,10664,145,1987,-210,826,6313,-28,13480,1444,327,17,3761,997,538,228,2504,78,28,2052,759,19775,277,96,3533,-54,1748,151,337,611,2527,105,660,272,17934,-10,351,166,2593,98,1679,1174,-18,892,196,1123,10,-298,5604,1313,3206,3099,64,559,-531,201,-107,-58,8387,1198,1369,51,6,621,-100,6027,303,44,-138,-224,-260,-131,1168,39,-637,370,-595,141,660,136,-588,-36,80,5422,-155,-165,514,122,-618,1486,1336,757,385,182,-62,3350,-906,1080,622
61,2990,1707,289,142,896,-1337,687,7147,-78,11479,1072,467,-789,2718,1860,-148,73,603,-183,43,1285,401,16836,610,95,4000,-653,-441,17,528,362,1377,43,826,235,15382,-1701,2035,285,1850,-109,1759,1776,-299,2345,19,1893,64,-5996,-62,467,4288,2172,141,238,-428,188,-202,-1668,9015,615,1246,102,-62,983,-205,3921,399,-378,-350,-847,-488,-5018,6774,-55,-219,224,-1497,-90,296,226,-526,-1299,1,1197,-503,-462,350,1203,-439,1586,3773,657,312,415,-439,2408,2134,1422,197
62,4033,2229,1887,35,1074,-1082,1487,2934,-112,7384,2336,515,-1002,2937,2080,-96,-52,763,-597,275,1799,515,15950,834,115,2019,-878,-551,57,501,1195,636,110,1297,443,14862,-867,363,473,556,-41,1719,1895,-330,498,66,2237,-90,-2587,341,545,2865,3675,-198,363,-1195,402,-484,-3948,10054,1763,1325,143,-123,1705,-363,3620,336,-553,-270,-1358,-818,-4069,1617,363,-851,203,-1540,-344,856,104,-1019,-867,5,487,-862,-391,-8,1432,-774,1430,2589,969,405,498,-465,1815,-1438,2008,198
63,1788,2004,2367,88,1322,-439,1446,3958,-55,5483,1543,512,-384,3335,1686,249,335,1786,-3,106,1738,744,22619,368,94,4018,-84,465,139,445,302,1241,8,1429,268,16104,-177,819,537,2474,-32,734,1608,-75,805,100,1084,69,-2013,3266,593,1671,3899,-2,661,-184,266,-26,-571,9385,881,1838,225,152,678,30,5630,179,-377,-68,-323,-170,-2013,723,-86,-241,365,-581,117,548,272,-244,-179,114,486,-136,-234,561,314,-354,2565,318,471,383,180,-211,2858,-246,1058,518
64,1893,2511,639,103,1038,-1777,1047,708,-115,4172,3005,751,-987,3468,815,-476,-51,781,1317,326,1545,274,8302,1232,180,4773,-794,-2000,510,695,382,991,-17,2953,437,7590,-1635,-1210,51,137,-64,1712,12,-313,1159,60,5675,141,-3485,-1339,510,4013,3473,-1030,313,-1296,412,-68,-3837,4997,1171,1043,115,-171,1622,21,4967,184,-669,-519,-1596,-1073,-9865,2683,811,-85,583,-2678,193,794,107,-669,-1584,8,429,-1373,-334,596,888,137,1244,2966,386,613,922,-837,1961,-1936,1833,279
65,4693,1718,9677,168,639,-152,983,10282,-139,21051,2341,695,42,3579,1787,537,631,2237,163,236,1731,1941,15526,111,165,3121,-134,1143,181,270,556,1839,156,949,388,13139,-16,1763,527,2596,-19,718,3004,63,1077,66,1253,40,-88,807,682,2176,1928,-684,757,-153,622,-111,-242,6853,964,1762,72,100,593,-216,5583,176,-106,-40,-414,-420,-122,855,398,-338,364,-372,-313,559,312,-419,-113,158,493,-134,-229,622,729,-203,2003,4909,503,245,380,-40,3213,-859,1346,380
66,8499,4705,5664,224,2128,-154,1091,12409,-24,6218,3006,790,146,5188,1835,716,870,2705,711,351,2821,2101,23217,179,133,6028,-62,693,267,180,713,1793,186,1899,377,17196,79,610,552,4576,98,594,4412,-32,1942,127,986,126,-204,9238,998,1068,6714,36,1314,-151,421,9,-146,6521,853,3404,28,214,322,25,14056,431,25,-66,-132,68,-137,781,121,-307,742,-227,-40,494,289,-175,-2,118,11773,-93,-95,1843,160,-259,2799,2746,359,211,107,-100,6851,-635,1317,1072
67,8150,5076,1580,103,599,-152,768,5148,-50,8098,2142,251,112,4449,1478,13,380,1070,378,184,1817,699,20088,167,32,2003,-92,192,175,283,522,3054,-7,1042,158,14584,133,543,252,1609,93,426,1845,-23,2259,83,802,9,-106,3106,979,14277,3254,-499,458,-169,269,-194,-21,7055,743,1423,3,-21,306,192,7377,226,20,3,-355,32,-204,649,389,-431,231,-260,-112,266,127,-306,-86,47,3309,-86,-52,377,351,-220,2716,3178,475,143,155,-127,2940,-663,933,494
68,6244,4527,263,124,1903,-179,1689,6239,6,14540,3622,866,15,6649,2029,194,-5,1035,379,40,5512,1398,20756,156,73,3225,-369,54,93,158,454,3578,133,2417,276,23217,-19,2620,970,5016,-4,649,4916,-13,1692,18,1353,134,-106,2636,197,3862,4118,-99,620,-51,466,276,-127,17728,527,2531,68,68,613,-212,5024,55,119,-9,-165,77,-241,821,261,-6,362,-158,69,188,615,-23,-48,49,211,-79,-180,309,517,-136,4652,3272,773,244,130,-137,4404,599,715,516
69,8251,4628,850,266,3291,-184,2030,6784,15,6731,2857,835,48,6566,2752,687,435,3032,754,103,4163,1500,20963,147,98,4680,-16,532,367,143,687,3501,119,2599,250,19345,29,2054,440,5955,61,474,3529,18,1792,113,754,89,-173,3985,294,2191,5826,-219,1529,-179,574,-54,61,10715,742,4121,204,281,375,-354,6642,327,-8,-31,-244,173,-273,536,58,33,633,-258,78,259,595,3,-33,129,1349,-154,-130,1088,388,-97,2908,3491,601,169,98,-101,5289,-289,433,1008
70,8638,6756,4670,307,1763,-197,1398,10908,-18,13561,5058,466,130,5962,1856,259,758,1626,1966,230,5326,1779,20224,120,99,4888,-3,594,337,179,671,1984,64,638,263,19110,-211,2929,823,6629,-20,459,6586,-48,1297,72,1049,-27,-201,5721,208,2834,5104,-29,1125,-142,559,157,-16,17606,986,3869,173,445,526,-113,9367,165,-82,-38,-166,-2,-184,625,-124,20,1114,-545,136,430,163,-27,-58,62,9359,-139,-125,342,351,-145,4454,3299,465,177,67,-5,4983,-656,1385,991
71,2763,1777,1321,284,2575,-164,1366,10023,-13,12330,1172,301,87,2558,1575,209,817,2863,284,154,1712,2101,22115,217,225,3723,-45,699,299,255,483,1777,174,1003,237,8435,62,1684,1050,2611,31,501,3768,-42,1646,267,709,221,-128,2174,364,3937,1655,-321,924,-66,336,29,-152,8630,590,2545,184,116,352,-259,6230,299,-176,-1,-180,-37,-233,586,135,-282,701,-250,207,226,397,-2,-37,132,6044,-103,-115,937,296,-165,1707,1210,552,135,189,-39,3420,1518,978,1198
72,7814,4198,12732,416,2671,-180,2163,16547,-40,22227,1037,237,120,6125,846,201,595,2648,193,119,4172,3119,22497,190,168,3621,-190,1867,301,259,622,3300,88,277,213,16040,216,1909,768,7041,14,575,4460,-37,1145,159,608,96,-151,2143,2618,5652,3880,-260,1537,-224,409,70,-248,4649,750,2197,25,255,422,-208,6233,263,-242,-54,-193,198,-138,734,162,-262,901,-911,53,336,264,-316,-43,163,1245,-218,-176,1218,93,-168,4700,3005,638,282,263,-136,2894,-112,1056,1531
73,3143,3145,2503,389,2401,-550,2044,10540,-73,13779,2221,551,-540,4012,914,571,251,2849,234,128,2191,1958,23531,160,112,3380,-172,334,375,135,574,1741,84,1014,292,9938,79,1279,996,3076,22,333,1319,-38,1301,158,896,88,-2215,2289,1106,2739,1817,-163,824,-348,689,206,-130,5839,380,2161,125,195,472,12,6054,220,-339,-46,-221,25,-3010,368,48,-120,542,-485,173,166,270,44,-145,129,1358,-253,-169,1333,524,-164,1284,2319,556,112,59,-180,2962,1391,608,988
74,3584,1073,5287,239,1386,-1388,634,10689,-131,21331,2754,654,-841,5064,2309,11,512,2599,-482,293,363,1017,13635,897,275,3157,-684,1320,91,542,1037,1709,91,1182,378,11164,-313,1912,1051,1745,7,1791,2283,-129,815,73,2479,211,-1677,-406,845,4142,1809,-1667,674,-1188,438,-404,-592,11627,1430,2531,75,31,1881,-761,4164,462,-484,-1156,-893,-335,-2289,2028,688,-789,698,-1591,-261,349,484,-1021,-662,159,1500,-564,-558,578,1150,-769,1809,2916,839,590,817,-480,3008,-1023,2359,558
75,3425,4340,6348,435,2544,-1195,2605,7451,-7,8094,4713,876,-938,7285,3179,560,943,2260,-31,300,1941,1754,25299,216,142,3746,-235,889,407,120,984,1953,89,2292,119,14008,-254,1688,817,2946,94,358,3348,-89,1733,172,692,94,-5107,6635,935,3122,3945,-504,1719,-202,574,29,-217,8888,950,3567,113,215,738,558,13374,155,-494,-108,-236,197,-3557,473,47,-258,641,-609,189,393,362,15,-143,212,11469,-249,-338,1289,351,-125,2353,3038,497,182,29,-107,5507,6,989,944
76,3756,2654,3492,189,802,-722,574,4343,-87,6160,1335,318,-994,4171,1762,266,204,1702,-261,136,2101,1038,22852,236,43,3414,-239,366,84,253,248,2516,91,912,159,14959,-351,952,327,1486,64,546,2293,-112,1171,71,734,40,-3840,3385,1014,2955,3042,-277,946,-356,63,69,-333,8358,413,1833,86,66,327,74,8244,164,-553,-107,-345,-64,-3764,484,-110,-221,421,-633,22,227,304,-3,-230,58,5241,-301,-356,810,439,-319,1355,1871,559,209,147,-206,5215,-483,817,732
77,1699,1082,2818,164,1127,-219,1310,18257,-85,6596,1293,334,44,2287,1562,251,330,1382,-46,99,990,772,18896,316,119,2316,-34,424,161,356,687,476,70,755,323,6631,5,1680,733,3910,-75,1072,2208,-59,257,107,1566,-65,-83,659,596,1574,1955,-657,493,-111,318,-313,-251,12659,1161,1795,126,37,774,-73,4342,219,-123,-99,-507,-435,-159,1077,490,-448,505,-822,-303,584,253,-114,-17,119,4845,-227,-207,450,373,-358,596,1595,777,270,327,-282,2033,-824,1480,577
